mu,omega,alpha1,alpha2,beta1,beta2,shape,tick,ar1,ma1,ma2,gamma1,gamma2,skew,ar2,ar3,ma3,eta11,eta21,ma4,label
0.000934338649456568,2.39866133192798e-06,1.89219519536097e-08,8.0568106731068e-08,0.0737269130244428,0.925272986656454,2.54317682899102,A,,,,,,,,,,,,,2007
-0.0047613633388325,8.46207893338539e-06,0.0464744325223308,,0.951688291724206,,7.72679722626076,AAL,,,,,,,,,,,,,2007
0.00434387746173157,0.000160364865349612,0.259631595945782,,0.462466962432221,,5.61575627075319,AAPL,-0.938962045293717,1.00000000999946,,,,,,,,,,,2007
0.000371470751575408,2.86242729614293e-07,4.24973650962199e-08,,0.998999852794196,,5.37474203629526,ABT,,,,,,,,,,,,,2007
0.000463497617783377,1.11169401788359e-05,0.177295537970759,,0.781898224082167,,5.55502812100425,ACGL,,,,,,,,,,,,,2007
0.000301252485409493,1.93234100499326e-06,0.0450013205714202,,0.953998672675823,,7.10622568983844,ACN,,,,,,,,,,,,,2007
0.000478558819133714,3.25003562916528e-07,6.57574728583511e-09,,0.998999918204612,,6.15242748107299,ADBE,,,,,,,,,,,,,2007
-0.000340552115948613,1.0748871378281e-06,0.00827555496351626,,0.989142052465646,,3.79450996237831,ADI,,,,,,,,,,,,,2007
0.000964367443238899,4.45089764067355e-07,4.44412971290307e-09,,0.998999934473428,,5.49216034596014,ADM,,,,,,,,,,,,,2007
0.000226157981086956,5.36961434038895e-07,4.86318245731142e-07,,0.434144410181412,0.564854135728373,4.04824872213393,ADP,,,,,,,,,,,,,2007
0.00118437101958801,2.18046005916522e-05,0.0600000288748956,,0.87133183600876,,10.347064301367,ADSK,,-0.0857202486663533,,,,,,,,,,,2007
0.000605501632511136,5.64269402336961e-06,0.116845134756648,,0.849150869457939,,6.34182223694376,AEE,,,,,,,,,,,,,2007
0.000953972142953248,6.80366068821635e-06,0.108593386677074,,0.856471636162743,,11.4183270442738,AEP,,,,,,,,,,,,,2007
0.000831697368009357,2.70592000900513e-05,0.0326715888686894,0.0529154524560302,0.834147981723504,,11.7723526513718,AES,,,,,,,,,,,,,2007
0.00106564509653671,1.12363578813346e-05,0.192691737174799,,0.141775666280662,0.664532158224161,3.37684214247433,AFL,,-0.144249690619128,,,,,,,,,,,2007
6.85251546812383e-05,3.40538948074144e-06,0.158029939442773,,0.840970054984968,,3.81875967874915,AIG,,,,,,,,,,,,,2007
0.000921708223548114,4.49595352365245e-06,0.052138279317753,,0.946861716443704,,2.89182243061262,AIZ,,-0.171356544588959,-0.0294978850208655,,,,,,,,,,2007
-0.0010207071050763,1.4999231616315e-05,0.125350985037236,0.0534501078853497,0.777747752639521,,3.41714028472974,AJG,,,,0.290142214894644,-0.2586533274119,0.7835463091978,,,,,,,2007
-0.000205812005544109,8.50049695719068e-06,0.0349426565610049,,0.960285958292499,,3.89076924611925,AKAM,,,,,,,,,,,,,2007
0.000457027886805427,8.65058936603704e-06,1.38276243112395e-10,,0.998999991100375,,2.29910722639096,ALB,,,,,,0.900818344688904,,,,,,,2007
0.000816146904779364,2.36053001125952e-05,8.34142707088465e-09,,0.998999990249697,,2.15959754921128,ALGN,,,,,,,,,,,,,2007
-0.0022329646456307,2.27485873082844e-06,0.0312457031725703,,0.967754260447607,,4.87282199580309,ALK,,,,,,,,,,,,,2007
-0.0001342780492878,5.95935827513444e-06,0.142889021264932,,0.856110844571953,,3.4252780372109,ALL,,,,,,,,,,,,,2007
-8.53032864501756e-05,1.36575341863339e-06,0.013786570858046,,0.984647973240158,,6.67189642381997,AMAT,,,,,,,,,,,,,2007
-0.00182746299275426,7.91629756254766e-07,0.0208244391247779,0.0239320559163196,0.18906970780985,0.76150579814701,5.87112723304103,AMD,0.0441003089365507,,,0.195285019923942,-0.192902099625432,,,,,,,,2007
0.00126561617118797,7.81069363786195e-07,1.93572563681334e-08,,0.998999941295762,,3.57837793341749,AME,,,,,,,,,,,,,2007
-0.000918296127573029,5.96894485887359e-07,9.54435843480567e-09,,0.998999886230214,,3.62782373579723,AMGN,,0.130656425828621,,,,,,,,,,,2007
0.00188222921361808,2.16047687036791e-05,7.8007780023898e-08,0.179801709576091,0.788551169140462,,7.23484467241544,AMP,-0.228425735688894,,,,,,,,,,,,2007
0.00103483811243995,7.42649805775018e-06,0.161287288358573,,0.826757233139501,,6.52178164384554,AMT,,,,,,,,,,,,,2007
0.00139194834409034,1.64860750139956e-06,0.0204742505689968,,0.978525723827078,,2.61748853519886,AMZN,,,,,,,,,,,,,2007
0.000947487638684788,5.38984619223809e-06,0.0547464538335083,,0.944253425623478,,3.47008729872141,ANSS,,,,,,,,,,,,,2007
0.000700433423347677,1.54987458687174e-06,1.54583725483467e-06,,0.99899687026498,,2.68559927880135,AON,,,,,,,,,,,,,2007
0.000344906603206722,6.14773859510211e-06,0.0635068736955253,,0.935493124594056,,3.08536669344834,AOS,,,,,,,,,,,,,2007
0.00188996223588408,7.0732887878302e-06,0.0646693203549401,,0.911092840259577,,59.9999764587366,APA,-0.00689419365728939,,,,,0.919482334259734,0.0677552982662926,-0.069974275608665,,,,,2007
0.00130084142615443,2.0591732468982e-06,0.0598139547246416,,0.939185954105986,,4.52596675189357,APD,-0.106391147822394,,,,,,-0.0489574388909338,,,,,,2007
0.00108050015632885,9.54795703268294e-06,0.0519647330765296,,0.914541650122102,,6.67485057101661,APH,-0.0396411187335559,,,,,,-0.0757705892544384,,,,,,2007
0.000824860474756879,9.88548403172647e-06,0.0822003956059272,,0.892275026532763,,9.25769646403964,ARE,,,,,,,,,,,,,2007
-1.12677447732527e-05,1.40313039030777e-05,3.71334681621072e-09,,0.830217156876077,,4.78682654360917,ATO,,,,0.085802216787238,,,,,,,,,2007
0.00170422613572803,0.000106949254778603,0.106999990565061,,0.696408499087343,,5.7835419237338,ATVI,,,,,,,,,,,,,2007
-0.000532751737739075,2.75612335080163e-05,0.0985431592014781,0.0160477355967033,0.836891087630893,,16.2575411087279,AVB,,,,,,,,,,,,,2007
-0.000135984087884796,3.51896775631212e-06,0.0775975716454988,,0.921402423831628,,3.23907764058369,AVY,1.17069722318201,-1.18582812595198,0.998112080841193,,,,-0.932755409733067,,,,,,2007
0.00328950750405823,2.42874624491301e-05,0.126940773544461,1.27432831304359e-07,0.864471731007899,,8.07632452313777,AXON,,,,,,1.46113597054521,,,,,,,2007
-4.17217923642129e-05,6.42144491784731e-06,0.116344466283856,,0.882655336498179,,5.4726766882175,AXP,,-0.14764978817478,,,,,,,,,,,2007
0.000999939463454708,1.70813160869699e-05,0.230147321776301,,0.768852670796916,,3.23284113196578,AZO,0.923576943118564,-0.976444893621601,0.859633572224755,,,,-0.791557625301858,,,,,,2007
0.000425662798433853,1.33362945453717e-05,0.0747998745033381,,0.849450921962519,,6.6592280516727,BA,,,,,,,,,,,,,2007
-0.000218651869731481,6.41296949675735e-06,0.156959041233504,,0.842040805523364,,3.52192249630507,BAC,,,,,,,,,,,,,2007
0.00111553919684836,8.44456165985182e-06,0.0923445997203308,,0.891730867815071,,3.85953608048791,BALL,,,,,,,,,,,,,2007
0.00138843799985826,4.55529412770382e-06,0.0495729707790408,,0.926197965123327,,5.90184558716248,BAX,,-0.125068812997962,,,,,,,,,,,2007
-0.000632185341589381,4.83492545956118e-05,0.141864969489572,,0.763444861657597,,4.94449520744997,BBWI,0.0630980207002807,,,,,,-0.145591992286021,,,,,,2007
0.000265989288567327,2.80480279137282e-07,1.09235296265675e-07,,0.998999817917559,,5.52602953531088,BBY,,,,,,,,,,,,,2007
0.000788623316730829,1.32072808877594e-05,0.110668526638061,,0.792964316183665,,4.94343914971653,BDX,,-0.166810224365255,,,,,,,,,,,2007
0.00152204537337337,6.03176834423253e-06,0.0871854461657773,,0.908755974165266,,5.28772235213218,BEN,-0.120346023513494,,,,,,,,,,,,2007
0.00134024510671292,2.93706973147628e-06,4.72610896619176e-08,,0.998999851881855,,2.80492609587655,BG,,,,,,,,,,,,,2007
0.000401726266698975,6.11275209358892e-06,7.98279078310458e-08,,0.998999918358347,,2.21984815111567,BIIB,,,,,,,,,,,,,2007
0.000355530562500574,3.67821648897601e-05,0.00863558251998533,0.0376159271565304,1.09737952003879e-07,0.604382910341105,4.34537776358278,BIO,,,,0.119059241329897,0.577670731306993,,,,,,,,2007
0.000748786063202994,6.85851719860378e-06,0.119331538131902,,0.879668456762469,,4.02811603611994,BK,,,,,,,,,,,,,2007
0.00332550543025079,4.18765975150327e-05,0.0343025654327874,,0.871417848277067,,3.139941488187,BKNG,0.911781797293627,-1.06393798692981,0.16496531581609,0.186558790164212,,,,,-0.0710277199494763,,,,2007
8.35235522207126e-05,2.71132143341193e-06,0.0499204751593693,,0.949079401577213,,4.80448733238798,BLK,,,,,,,,,,,,,2007
0.000218953345766573,3.08491106618685e-05,0.0998095492594882,,0.7764695565986,,4.21392902718652,BMY,,,,,,,,,,,,,2007
0.000356771402317293,8.04631323570654e-07,0.0921212036975158,,0.0205069701427264,0.886371716425201,4.89226766280361,BRK.B,0.062318108792304,,,,,,,,,,,,2007
-0.000494873174789719,1.32662025638379e-05,0.21937280388736,,0.779625605778772,,3.41631232033553,BRO,0.761507411192488,-0.874206387683412,,,,,,,,,,,2007
-0.0013150896331517,7.67043747444313e-07,1.57074174894929e-08,,0.998999952206023,,5.00870935126948,BSX,,,,,,,,,,,,,2007
0.00142287973268419,3.10008052965568e-06,1.83282497409881e-09,,0.998999990566467,,2.47106702140613,BWA,,,,,,,,,,,,,2007
-8.63182016722528e-05,3.72563569817321e-06,3.45224697570683e-06,0.0772002853794619,0.823753528462637,8.58445675207145e-06,99.9923030035952,BXP,,,,,,,,,,0.988747239310201,0.0453573336715651,,2007
-0.0011880005795538,1.14126794327194e-05,0.116163667643398,,0.882836258532569,,3.21301213159848,C,,,,,,,,,,,,,2007
-0.000704489139403065,5.6559867487959e-07,2.58524044161719e-06,6.62715389494228e-06,0.998990779181127,,3.19913768148296,CAG,,,,,,,,,,,,,2007
0.000101084039542678,2.39410350645732e-05,0.119838353345126,,0.796973104954809,,2.75803232154052,CAH,,,,,,,,,,,,,2007
0.00127135884962587,1.3066081045195e-06,0.0278016193132796,,0.970176525971958,,5.63797308385142,CAT,,,,,,,,,,,,,2007
0.000732947364612254,1.32438612970972e-05,0.225922977853692,,0.765203437239507,,4.11677681665158,CB,,-0.160670910638025,,,,,,,,,,,2007
-0.0011990338203107,7.77112756111795e-06,0.027112282264202,,0.971887689018687,,3.94058307721026,CBRE,,,,,,,,,,,,,2007
0.00131749743049641,2.31293542231764e-05,0.0793536211050003,,0.845583259911559,,8.20619740713554,CCI,,,,,,,,,,,,,2007
-0.000370670828261126,4.83010723049969e-07,1.19320508929269e-08,,0.998999976418194,,5.40399609942618,CCL,-0.00369553042143118,,,,,,,,,,,,2007
0.000576547400191647,6.66172569532092e-06,0.0247568611702456,,0.950606204974127,,3.42421334341536,CDNS,,0.0223455608224908,,,,,,,,,,,2007
0.00319303229063224,1.55648615932679e-05,0.115386485295397,,0.853864097707357,,4.872171622702,CE,,,,,,,,,,,,,2007
0.00693373599884777,1.88698068819706e-05,1.15784090717579e-08,0.0601458045852571,0.935484886980804,,4.09945163126201,CF,,-0.0692417955490724,,0.505542286289471,-0.498803784303582,,,,,,,,2007
0.000515419620925951,7.29108015573009e-06,0.0280296321371436,,0.81741910182274,,4.42884720807405,CHD,-0.021783691881443,,,0.266582468843328,,,,,,,,,2007
0.000129282326768752,2.13291239185902e-06,4.28892050705942e-09,,0.998999741785468,,2.73184045940374,CHRW,-0.0708471204259928,,,,,,,,,,,,2007
0.00133330608745443,1.75097681782337e-05,0.129414445045362,,0.794276479952713,,22.8898185994291,CI,,-0.101597087757593,,,,,,,,,,,2007
-0.000306484504314987,1.35748800414949e-05,0.146853347823293,,0.852146652973072,,2.87514103610264,CINF,-0.303633766567329,0.188774081562585,-0.634576677648457,,,,0.454738068326816,,,,,,2007
0.000657823146660209,2.71835861288955e-06,0.0753326688251405,,0.893631615610685,,59.9931879350462,CL,,-0.0570995976274141,,,,0.963566542266692,,,,,,,2007
0.000364548449427921,1.11882185702231e-05,0.124807555004576,,0.779566676176765,,4.10536712222816,CLX,,,,,,,,,,,,,2007
-0.000169962912640615,1.00691675737365e-05,0.134863813271398,0.0141238389342185,0.586954638126677,0.263057619272453,3.80889097002531,CMA,,,,,,,,,,,,,2007
-0.000399643124699464,8.31544607690837e-07,4.95487030144846e-09,,0.227486614543297,0.771513283893203,3.31313375572516,CMCSA,,,,,,,,,,,,,2007
0.000526369941147128,6.6283727798374e-06,3.77573282593682e-06,2.49348946630355e-06,0.999984608033946,,6.99801419396869,CME,0.87800694684078,-0.910610842063561,,0.307755925761505,-0.358509388227539,,,,,,,,2007
0.0015646383380355,1.55871590533554e-05,1.39804045589318e-08,,0.029822363640486,0.969177620903559,2.44834720238767,CMG,,,,,,,,,,,,,2007
0.00300000880597863,1.04533307111861e-05,0.0387075979841971,,0.960292397090283,,3.18460702630731,CMI,,,,,,,,,,,,,2007
0.000300197737706746,8.61882621199064e-06,0.0821422403353149,,0.864041411103825,,6.68394642314073,CMS,,,,,,0.785212935342848,,,,,,,2007
7.34397144132604e-05,6.99708702641808e-06,1.16507590905988e-07,,0.999999895609541,,4.55678752882091,CNC,,,,-0.0275095808009706,,,,,,,,,2007
0.000663282433749988,2.4399734578164e-05,0.103422780880188,,0.770965568748226,,13.7223461570012,CNP,,,,,,,,,,,,,2007
0.000274052499538307,1.25491262210961e-05,0.156512510222796,,0.842487451867704,,3.86576571553169,COF,,-0.0727909900154385,,,,,,,,,,,2007
-0.000474495718875397,2.14294352712071e-05,0.0311856567030219,,0.866728534238811,,3.28807064466889,COO,1.48468584834776,-1.42477319197936,0.685879674692466,,,,-0.761912172479278,,0.131749765755388,,,-0.101865058761884,2007
0.00117723155827856,2.84831843853006e-05,0.0525110368961481,,0.833998093961794,,46.7751514894814,COP,-0.00436177086750352,-0.116664748434534,,,,0.71043476392739,,,,,,,2007
0.00107067804623422,4.98675097621634e-06,0.0572102453057126,,0.921132138748488,,4.47183961493991,COST,,,,,,,,,,,,,2007
-4.67176607929325e-05,4.31469738528637e-06,0.139852774321302,,0.848548724641076,,4.16942257131843,CPB,0.885439463704777,-0.97449670010586,,,,,,,,,,,2007
0.00094043653805807,3.30517602013222e-06,0.0244042585799374,,0.974595324136631,,2.82092105427676,CPRT,,,,,,,,,,,,,2007
-0.00164366114311381,7.81845739720026e-06,0.0315936672929716,,0.889893499264848,,6.92586283985038,CPT,,0.105292719779892,,0.144356161469455,,,,,,,,,2007
0.00143303191454545,7.3213336885696e-07,2.99375013483494e-08,,0.998999929413673,,2.61630373375639,CRL,0.950545197436097,-0.999999913302615,,,,,,,,,,,2007
0.00248359513570964,0.000123263743330038,0.145601503232274,,0.680613297178431,,8.35946909667083,CRM,,-0.0268814322472341,,,,,,,,,,,2007
0.00105662141516985,4.69519421295178e-05,0.1529625159963,,1.41726910283607e-09,0.682452582349774,5.76918046569328,CSCO,,,,,,,,,,,,,2007
-0.0013430659752085,2.97412962157646e-06,1.38289075441767e-08,,0.998999983144801,,2.98336298980299,CSGP,,,,,,,,,,,,,2007
0.00107930488360386,6.11311421723324e-07,5.76215927955045e-10,,0.998999944970666,,10.5373852139716,CSX,,,,,,,,,,,,,2007
-0.000201204328681233,2.24745074007368e-06,1.7149529167986e-07,,0.99899963839014,,2.49651365555818,CTAS,-0.0563176235633788,,,,,0.965124448408544,,,,,,,2007
0.00157695679293938,1.59398524885401e-05,0.053548461446489,,0.902256306762049,,59.9997596997848,CTRA,-0.0573759781034933,,,,,0.911933358755468,,,,,,,2007
-7.94764104202098e-05,9.31418433986517e-06,8.43465089509646e-09,,0.998999989653626,,2.3701236705302,CTSH,,,,,,,,,,,,,2007
0.000841080213611019,2.16443884895234e-07,5.41847297087253e-09,,0.998999983166565,,5.30058905125102,CVS,,-0.113700361424057,,,,,,,,,,,2007
0.00138233245969633,8.36878468687947e-06,0.0455587197726242,,0.913946099619372,,35.4624329560274,CVX,-0.143400348788,,,,,,,,,,,,2007
0.000704962589619435,1.141259998674e-05,0.108247995857944,,0.802717254158167,,12.830891540791,D,,,,,,,,,,,,,2007
-1.20123196718094e-05,3.45899346334071e-07,3.92614380396035e-07,,0.998999589812438,,5.23829739502103,DD,,,,,,,,,,,,,2007
0.00264485858832866,1.67594213416391e-05,0.0427421967707677,,0.918388078705081,,9.96957471115792,DE,,,,,,,,,,,,,2007
-0.000344523995822686,0.0001029107811916,0.214182082707174,,0.0343411061939714,,4.33586801804419,DGX,-0.0364693849995127,,,,,,-0.0503870114665489,,,,,,2007
-0.0028884580370441,5.35386434033197e-05,0.024661512738032,0.199214052755561,0.104593954067029,0.594835851088229,34.099384604636,DHI,,,,0.00576342916700062,0.036996700264354,,,,,,,,2007
0.00080779221728133,1.15530305119658e-05,0.0985173614450465,,0.831009477314476,,8.32021731334089,DHR,0.0716304250512757,-0.121237532686262,-0.708628037191907,,,,0.571143691554456,,,,,,2007
0.000341605430056792,1.70632895358398e-05,0.1462765813538,,1.72228403596979e-09,0.760099285343526,5.25050709339212,DIS,,-0.206443251777856,-0.186575066649191,,,,,,,,,,2007
0.00133683121015501,1.27503935726451e-05,0.126489046343431,,0.853789197547958,,35.8182516925467,DLR,,,,,,,,,,,,,2007
0.000878761960381654,1.6413439101201e-05,0.0979020710162914,,0.884421015318891,,4.33203128458839,DLTR,0.19336014633208,-0.27806097490466,,,,,,,,,,,2007
0.000272432134344508,1.39631145982842e-06,0.0345806121052439,,0.96441919950997,,5.72225136447158,DOV,,-0.109176614643264,,,,,,,,,,,2007
-0.000472062406830356,1.7545471731788e-05,2.33017894926361e-08,,0.893133012369391,,2.68606122618508,DPZ,,-0.122813494910939,-0.0354170783267182,0.211733870937802,,,,,,,,,2007
-0.000315095175953544,3.68163341279628e-06,7.87758061099674e-10,,0.998999984218353,,2.33277495299921,DRI,,0.0781703261152937,,,,,,,,,,,2007
0.000709082642682374,2.20235298605356e-05,0.218370802505013,0.0605151129734598,4.59944605955043e-08,0.622200444476499,5.04028622457313,DTE,0.985395589922793,-1.07622156198509,0.938549716608221,,,,-0.825813504794994,,,,,,2007
0.000302540933727732,4.16227953457861e-05,0.200298304085868,,0.535032878906048,,7.70674790661523,DUK,,,,,,,,,,,,,2007
0.000158778389364464,3.76564013503322e-06,0.0192308249843635,,0.960857381567264,,5.46201533791301,DVA,-0.421126073641519,0.537532411483589,,,,,,,,,,,2007
0.00147212771021306,1.30314322280885e-05,9.19399358109297e-08,0.0671553918886377,0.881563904924136,1.19313917068524e-06,59.9976223165396,DVN,0.0381560029735744,,,,,1.04433387998108,,,,,,,2007
-0.00248063115376484,5.11409678859667e-06,9.21375842391375e-10,,0.998999989879103,,3.00598608641297,DXCM,,,,,,,,,,,,,2007
0.000653533561811064,1.55223578531726e-05,0.0231058202370834,,9.29121690018503e-13,0.931525721327482,14.3778107479521,EA,-0.098048958400809,,,,,1.17961643902776,-0.0231013066679721,,,,,,2007
0.000275392810573186,0.000243639487683495,0.288325179319275,,4.46442495917241e-12,,10.2558473106654,EBAY,,,,,,,,,,,,,2007
0.000210260460805516,1.59164381999505e-05,0.118463579961167,1.60904059560159e-12,0.78341839871627,,17.0442688702908,ECL,,,,,,,,,,,,,2007
0.000657738027694172,6.39507993212274e-06,0.14459029732346,,0.794949895277709,,10.1202484651314,ED,,,,,,,,,,,,,2007
0.000969647760128911,5.94981287306171e-06,0.0963057513447591,,0.902694241322422,,3.05763738757526,EFX,,,,,,,,,,,,,2007
0.000914333472746554,5.22702565231154e-06,0.119839302551597,,0.860459302103436,,4.51114702544138,EG,,,,,,,,,,,,,2007
0.00173049349556036,7.36557021943024e-06,0.0921711020003022,,0.892561465432371,,4.29331454441021,EIX,0.614349407882921,-0.772674085335055,0.682413766345289,,,,-0.541125647956547,,,,,,2007
-0.000602057744506302,1.15915966576897e-06,8.09014331585558e-10,,0.998999969333814,,2.48912723275002,EL,,,,,,,,,,,,,2007
0.00106673024936339,1.61444950722781e-07,8.74809001726161e-06,,0.998983399426936,,5.05285817332013,ELV,,,,,,,,,,,,,2007
0.000542086216540231,1.31775281484018e-05,0.0815058949342088,,0.869936516415258,,5.71955895235374,EMN,,,,,,,,,,,,,2007
0.00115707497203258,6.02977215001769e-06,0.0506669090640406,,0.937872016402064,,3.7065418054961,EMR,,-0.0879452618723523,,,,,,,,,,,2007
0.00160368517712167,5.66478929864462e-05,0.100288661620776,,0.705541526384039,,59.9999999999922,EOG,1.07947300645928,-1.04417743854526,0.147896995948477,,,1.20240739422915,-0.228692107727527,,,,,,2007
0.00120992864085546,1.54612972790462e-05,0.0283008156116088,,0.945956136845641,,6.84016955687656,EQIX,0.921473014900979,-0.99999922802238,,,,,,,,,,,2007
-0.000831454002104197,1.81694483765615e-05,0.112117838537248,,0.855203721389102,,6.90155158380113,EQR,,,,,,,,,,,,,2007
0.00172515539322768,1.22191586193351e-05,0.129131646478838,,0.820459260270579,,5.91335961000092,EQT,0.0199876095276451,,,,,,,,,,,,2007
0.000806621072373874,5.35886490333582e-06,0.119282273088185,,0.860682249388498,,7.59862240279879,ES,,,,,,,,,,,,,2007
-0.000333321831282636,1.70665074010018e-05,0.0703108878755051,,0.881328530581628,,13.8631325809283,ESS,,,,,,,,,,,,,2007
0.00168540470318576,1.53087991914747e-05,0.226658046461196,,0.772341952033887,,4.53969014064693,ETN,,-0.0816010430948197,,,,,,,,,,,2007
0.00221218509150935,6.284534117347e-06,0.076164376971941,,0.901041664881529,,5.59024476207916,ETR,0.333322910237709,-0.405636366386386,0.947716873543899,,,,-0.923924742010133,,,,,,2007
0.00109019654869829,4.03852383737093e-07,1.03830821603701e-08,,0.998999966343795,,3.04441315067848,EW,,,,,,,,,,,,,2007
0.00182844262216615,1.65223771679125e-05,0.131245152506237,,0.822466194797695,,13.7725438138995,EXC,,,,,,,,,,,,,2007
0.000718275262909332,7.5516214988726e-05,0.362253536264026,,0.65581995512563,,10.3837673596559,EXPD,-0.0968244893733155,,,-0.369693018945997,,,,,,,,,2007
0.00156324092163914,6.6422714771179e-07,7.80016639083699e-09,,0.998999878056577,,3.12849617186118,EXPE,,,,,,,,,,,,,2007
-0.000858939533413246,6.26019083144237e-06,0.0723807733557439,,0.912481956731446,,25.7714898983207,EXR,,,,,,,,,,,,,2007
3.05717270672678e-05,1.58229834965095e-05,0.0788972543106421,,0.890163610156642,,11.0826159212162,F,,,,,,,,,,,,,2007
0.000630125562878717,1.89146015174849e-06,0.0409561007703068,,0.957190610254736,,3.82075957439888,FAST,,,,,,,,,,,,,2007
0.00298172209997125,2.48531288554894e-05,0.0453047670983992,,0.92362355812151,,14.4671429578782,FCX,-0.0998601524556884,,,,,0.667736270834491,,,,,,,2007
0.000735992332904955,3.61941156760917e-06,0.0302948538120882,,0.968705138842169,,3.27153170087713,FDS,,,,,,,,,,,,,2007
-0.000796890951509511,3.39411781636488e-07,2.07535144120861e-07,,0.998999753977218,,7.65591644311326,FDX,,-0.140831050757232,,,,,,,,,,,2007
0.00152442220211487,8.4368182338382e-06,0.101211397585323,,0.859456285507847,,10.9334201580917,FE,,,,,,,,,,,,,2007
-0.000982157697756184,5.27651487410962e-05,0.111371164897927,,0.0050670953970535,0.882561723943392,2.79582375177701,FFIV,,,,,,,,,,,,,2007
0.000243789959558075,8.20786263712306e-07,0.0147080595862352,,0.984291913265823,,4.05730850832751,FI,,,,,,,,,,,,,2007
-0.000640055178017949,2.41112962198752e-06,0.016407063961253,,0.982592901848258,,2.66887605209321,FICO,,,,,,,,,,,,,2007
0.00131782231323548,3.1976549082185e-06,1.30273109869617e-08,,0.998999955778797,,2.36432991122612,FIS,0.516826615575998,-0.529168086482893,,,,1.12353539324844,-0.0563248767311814,,,,,,2007
-0.000223504752585716,1.20235163857257e-05,0.0296554366605492,0.178516244575974,0.0246263704061506,0.766201943943442,4.43030871331139,FITB,-0.235598388027722,0.125073484236648,0.828512358642965,,,,-0.743230587856,,,,,,2007
0.00162231609265114,7.96770397938726e-05,0.112251288247606,,0.56843674481522,,4.06880575294626,FMC,,,,,,,,,,,,,2007
-7.94637005056465e-06,6.72671058316607e-06,0.0383911782063106,,0.943507728278547,,17.8992058927621,FRT,,,,,,,,,,,,,2007
0.0079875962271768,0.00010453280091157,0.048648814210777,,0.91872426508307,,3.25547719429082,FSLR,0.947359023244275,-0.999999989585498,,,,,,,,,,,2007
0.000863144210221907,1.04189038722871e-05,0.0435861523083888,,0.89752574754994,,6.84465816080648,GD,,-0.206350778929718,,,,,,,,,,,2007
6.49640923229823e-05,6.08455147657586e-06,0.103172660416277,,0.856814066711346,,7.10098478215271,GE,,,,,,,,,,,,,2007
0.00022345078327688,1.01602821332355e-06,2.91939888185869e-09,,0.99899996198655,,3.03789009258954,GEN,,,,,,1.07916280708391,,,,,,,2007
0.00136706768499321,1.67694902221623e-06,6.06185360115914e-11,,0.998999988301933,,2.8582004717803,GILD,-0.149305748885706,,,,,,,,,,,,2007
0.00039436704460174,2.68197677331629e-06,0.0907820772334768,,0.893673453519693,,4.89528525495839,GIS,,-0.135725087557342,,,,,,,,,,,2007
0.000140514999647022,1.79049973544875e-06,0.0717339362005523,,0.918750803744879,,7.38065894450511,GL,,-0.147496205455081,,,,0.864506152863499,,,,,,,2007
0.000426590172149443,1.96135587729414e-05,2.0133389128017e-08,,0.897052004504617,,4.39569661661898,GLW,,,,0.120754654780472,,,,,,,,,2007
0.00194735311630209,1.00525491769162e-05,0.0628861145184158,,0.893238583728558,,6.38779466358861,GOOGL,,,,,,,,,,,,,2007
0.000440610533787137,2.9061906267677e-06,0.0613743365660715,,0.923100913662623,,6.0125466212735,GPC,0.791244061250888,-0.935855280921724,,,,,,,,,,,2007
0.000259472565959062,8.94679946881178e-07,1.50425964035191e-08,,0.998999626915871,,2.61057084015873,GPN,-0.846906913374052,0.865323357100714,1.00293269018827,,,,-0.979996824293302,-0.00624058642128999,,,,,2007
0.00225766779065136,2.02393827204619e-05,0.138338353263126,1.00551004482749e-07,0.860661523218812,,4.46327628941169,GRMN,,,,,,,,,,,,,2007
0.000961519060351038,8.81054330197332e-06,0.087935491934213,,0.903819427734556,,5.70943503437634,GS,,,,,,,,,,,,,2007
0.00149836446816318,3.10136814835871e-06,0.0435147862547055,,0.943839882126206,,8.32457205996627,GWW,,,,,,,,,,,,,2007
0.000765006642944968,3.15569417248288e-07,4.09750544010906e-08,,0.998999810011572,,10.334065903207,HAL,-0.020651502131179,,,,,0.780865375100373,,,,,,,2007
0.000593431104865237,6.03411514744075e-06,0.0960256826238814,,0.902974275077242,,3.98697624091435,HAS,,,,,,,,,,,,,2007
-0.000376292611081004,1.00561425209237e-05,0.184374779350905,,0.814625219326519,,3.59668429753732,HBAN,,,,,,,,,,,,,2007
-0.000960242423251129,8.2982520182303e-06,0.121670241610727,,0.850277047983143,,7.1614409800455,HD,,0.0707894510053587,0.0729218123946177,,,,,,,,,,2007
0.00215682120998651,1.13378005533091e-05,0.0823848945129045,,0.900666308391632,,36.7479021110973,HES,-0.118869710470922,,,,,,,,,,,,2007
0.000316867579520766,3.95387854586848e-06,0.0690448270110635,,0.929955160681442,,3.35337320018795,HIG,,-0.227379502109061,,,,,,,,,,,2007
0.000913612349115344,3.08661532425238e-07,1.29921051737161e-06,,0.998986427263755,,4.84684799465666,HOLX,,,,,,,,,,,,,2007
0.00155923061884792,1.27166876984973e-06,0.0252665891157178,,0.97373114963616,,5.30820926137249,HON,-0.687416843220145,0.633963316250478,0.0421089061148285,,,,,,0.193714436489946,,,,2007
0.00133768892280537,9.45026206311103e-06,0.119405557524288,,0.842747358124826,,6.37111150493881,HPQ,,-0.0862940578225771,-0.200087919108589,,,,,,,,,,2007
0.000715858038548784,1.63723538908333e-05,0.150428900046257,,0.738511641008956,,3.64313559317168,HRL,,,,,,,,,,,,,2007
0.00170830402409451,1.11905150192847e-05,0.174352498395489,,0.778869644968077,,4.80355275585393,HSIC,,,,,,,,,,,,,2007
-0.000965118308942232,2.17804236892424e-05,0.156866263266186,,0.805238037261375,,11.5979512750325,HST,,,,,,,,,,,,,2007
4.87726079344405e-05,1.47665473410146e-05,0.124729605855829,,0.805915297796604,,3.91222402187697,HSY,-0.650689139231188,0.631143141928102,1.01676245891443,,,,-0.961690050535786,,,,,,2007
0.000502978977643852,8.46121130221732e-06,0.0204505915753337,,0.951775929458601,,5.33106939057048,HUM,,-0.164865976485088,,,,,,,,,,,2007
0.000991850268391819,4.0413033484187e-06,0.0606610854626327,,0.93833879870226,,4.43879689633334,HWM,,,,,,,,,,,,,2007
0.0010535067797752,1.04760350970586e-05,0.09528860254357,,0.849411924612717,,5.13195557356105,IBM,,,,,,,,,,,,,2007
0.00235303228959032,2.31502877551351e-07,2.04021831834281e-08,,0.998999822069114,,30.5426118468666,ICE,-0.011594380939572,,,,,,-0.102050847743541,,,,,,2007
0.00195983368910051,1.15251052236919e-05,0.323098898950985,3.23987137369512e-05,0.0276909134678794,0.700958518535452,3.83808791619497,IDXX,-0.0709287639333049,,,-0.0207730652726887,-0.0916456097666467,,,,,,,,2007
0.00160700473784625,5.7279570994544e-06,0.0542087499898132,,0.944791242905549,,2.86278257195567,IEX,,,,,,,,,,,,,2007
-0.000103996622558776,9.28233514138818e-06,3.25783845574849e-11,,0.92024478255306,,3.38422851059386,IFF,,-0.174505155142449,,0.0905314527845537,,,,,,,,,2007
0.00112389396643366,0.000281735949531478,0.164239731230131,,0.411331320795596,,4.15533649448891,ILMN,,,,,,,,,,,,,2007
0.000708772667106144,0.000233897943634924,0.251252691658354,,0.54201548060875,,5.91418338952385,INCY,-0.057744137336034,,,,,,,,,,,,2007
0.00140175855796837,7.38965512878776e-07,3.16310935304224e-09,,0.99899999415233,,4.58633991459153,INTC,,,,,,,,,,,,,2007
5.70642975809198e-05,1.04617206366023e-06,2.26639365709924e-06,,0.998997091980328,,2.94033380581325,INTU,-0.0640718764983864,,,,,,,,,,,,2007
0.000383353405229893,8.41856725658085e-06,0.0701409873570481,,0.893944370200664,,59.7429680225168,IP,,,,,,0.785944909193854,,,,,,,2007
-0.00144053779051641,7.66531538264032e-05,0.119962376184997,,0.609034587521625,,3.78272365382091,IPG,,,,,,,,,,,,,2007
0.000202949975846565,4.37746244155715e-06,0.0405798240068284,,0.94356711218396,,4.00341229469738,IRM,,,,,,,,,,,,,2007
0.00171120863374768,4.36584123183911e-07,0.0213819739171851,,0.9776180092127,,2.82329255347319,ISRG,,0.0891617602956183,,,,,,,,,,,2007
0.00145546190049772,2.49759580066506e-05,0.0765739171325974,,0.892955139962178,,3.60051079274518,IT,,,,,,,,,,,,,2007
0.000438622380050324,1.14797138963488e-06,2.42915665163308e-08,,0.998999940306148,,2.77946189438676,ITW,,,,,,,,,,,,,2007
0.00151949259926299,1.47185075163841e-05,0.0317429381735564,,0.938966649441245,,5.64943441799488,IVZ,0.00507773724544056,,,,,,,,,,,,2007
0.00383120357677589,6.92773805281502e-06,0.0955108188771831,,0.90038921400436,,5.55118235474152,J,,,,,,,,,,,,,2007
0.000998845458362435,4.60135389848915e-06,0.0146234514157293,,0.975327176704428,,14.8344013127215,JBHT,-0.0622503894832398,,,,,,-0.0852937437855085,,,,,,2007
-0.000137066155357771,0.000414984206619067,2.45707268790019e-12,,0.000119807877965613,,2.96593072843363,JCI,,,,,,,,,,,,,2007
0.000969288626110852,2.08410337344869e-06,0.0459385493293069,,0.948583034040741,,17.949613579154,JKHY,,,,,,,,,,,,,2007
0.000280682151454401,4.76052208319479e-08,9.01858397920611e-08,8.7930996606851e-08,0.998999643636308,,4.98038567493404,JNJ,,,,,,,,,,,,,2007
0.00300622627481206,3.53285592531892e-05,0.0794919703239168,,0.863905263256712,,7.31651755574949,JNPR,,-0.127188137525193,,,,,,,,,,,2007
0.000207648991814928,8.94618451958705e-06,0.115337480517139,,0.883662461939814,,3.55185795697041,JPM,,,,,,,,,,,,,2007
0.000470125583386308,2.8636816940361e-07,0.029659797624095,,0.984752883430338,,5.81563093225466,K,,-0.215895887756706,,-0.0308257007440286,,,,,,,,,2007
-0.000588649047227701,2.41246964696763e-05,0.212426220748411,,0.786573780808686,,2.85944317241668,KEY,-0.993481376425532,0.998349932255136,1.03907634273607,,,,-1.03851539895492,,,,,,2007
-0.000402673535490831,9.86534593503114e-06,0.105714939932023,,0.881026494337883,,60.8188777572331,KIM,,,,,,,,,,,,,2007
-0.000110607213818273,7.0545691069193e-06,0.0262870758293977,,0.946702581120921,,6.34955275303858,KLAC,,,,,,,,,,,,,2007
0.000331654298293903,4.31030258272244e-06,0.0990685525491977,,0.320404709086777,0.535392348536689,10.0054751439445,KMB,0.498320448658642,-0.702037146639048,,,,,,,,,,,2007
-0.000476119900119225,6.09846995541134e-06,2.50745830533919e-09,,0.998999995540764,,2.6356493901617,KMX,,,,,,1.03339454995208,,,,,,,2007
0.000902891649407787,4.60208825736433e-06,0.10504997735994,3.62162436928281e-07,0.847368638600615,,6.16839946630633,KO,-1.37576248094382,1.31206374894536,0.612827609856459,,,,-0.746029382295539,,,,,,2007
0.00102215679588998,1.03227283721106e-05,0.048645174987682,,0.938140371047758,,3.18550345533867,KR,,-0.12256927851771,,,,,,,,,,,2007
0.00173008225590592,7.75925356526476e-06,0.114070161152893,,0.857481881631273,,7.11263781016605,L,,-0.185944771467138,,,,,,,,,,,2007
0.000890487273142446,5.02662617697989e-07,1.73059259342818e-08,,0.998999968395311,,6.67634402153504,LDOS,,-0.201851654439989,,,,,,,,,,,2007
-0.0040136055841088,3.42453100549076e-05,0.16210708969855,,0.799734784723139,,13.7193668242972,LEN,0.179147410841917,,,,,,,,,,,,2007
0.000613934060289965,2.41090388125335e-06,2.96683286110458e-09,,0.998999979457414,,2.24037229247671,LH,,,,,,,,,,,,,2007
0.00133483557491886,5.20558206430954e-07,3.23706567055858e-08,,0.998999927319169,,4.15173305541975,LHX,0.897493572507802,-0.999999896762028,,,,,,,,,,,2007
0.00192103856443577,5.96552731345436e-06,0.0512296685735772,,0.944611416858864,,4.11058305581068,LKQ,0.877957846910761,-0.926722842203021,,,,,,,,,,,2007
0.000446185913441294,4.6373915030523e-06,0.0729666685745975,,0.920101133028669,,3.21806811945644,LLY,,,,,,,,,,,,,2007
0.00071727116439003,9.21150383646067e-06,0.055698984784989,,0.902039495674838,,6.32875950423183,LMT,,-0.239549431840541,,,,,,,,,,,2007
0.00091028774058854,2.48654497112338e-05,0.090306945204944,,0.774899542410344,,6.32777390889184,LNT,,,,,,,,,,,,,2007
-0.00107523063430294,1.33756292568788e-05,0.0311601689341888,0.0205717998320422,0.914041440901999,,3.60614682452862,LOW,0.66643562533595,-0.710177919876006,0.10248729271452,,,,,,-0.0513898383354976,,,-0.0944312622616788,2007
0.000307540421435438,4.25121989228378e-06,3.86766944916205e-06,,0.990918199232097,,4.02523929737427,LRCX,-0.108399418280987,,,,,,0.0268659869864485,,,,,,2007
-0.000795268932022304,4.68803563231007e-06,0.0547569679915271,,0.929000342912054,,5.54399187729448,LUV,0.785519926737161,-0.840456591674718,,,,,,,,,,,2007
-9.14841097348012e-05,2.90053844902452e-05,0.0876635718642893,,0.879275324434437,,6.19582962335818,LVS,,,,,,,,,,,,,2007
-0.00122380091240987,1.69236391545453e-05,0.0598980219769445,,0.93910197023362,,3.11438200756175,LYV,-0.0487059867949972,,,,,,0.00871332230506643,-0.0512138186435325,,,,,2007
0.00192192758951778,0.000201065583257826,0.153889327734911,0.140126186317587,0.550933152720555,,3.14497801557896,MA,,,,,,,,,,,,,2007
-0.000319039249525258,6.73424966083683e-06,0.108655963825385,,0.89034397159487,,5.27550676230635,MAA,,,,,,,,,,,,,2007
-0.000214648823646392,2.0871135191264e-06,0.0281832082157768,,0.970816776968916,,4.61722021888472,MAR,,,,,,,,,,,,,2007
-0.00130415394654414,3.59293636182939e-06,0.0413134477730553,,0.95768648978985,,4.27817299356456,MAS,,-0.0763663155625717,,,,,,,,,,,2007
0.00157968404119983,5.64287177474093e-07,4.810566681839e-06,1.34348648246094e-06,0.999999541445002,,10.0435560872876,MCD,,,,0.496788705336727,-0.498800971051532,,,,,,,,2007
0.000473369358604045,7.99722134347082e-07,0.0194392189884029,,0.979560590820531,,3.51935581759829,MCHP,,,,,,,,,,,,,2007
0.00054217038126612,2.4143134991195e-05,0.0271203421987415,0.0769781773768927,0.787142725390946,,3.78247706323999,MCK,-0.111357004397328,,,,,0.794256156827803,,,,,,,2007
-0.00245321837564388,4.83499185603663e-05,0.132570383705588,,0.79689633576229,,5.85257798491966,MCO,,,,,,,,,,,,,2007
0.000231889857632509,5.87715174802704e-06,0.0980460990458754,,0.881109935985755,,5.02303934345139,MDLZ,,,,,,,,,,,,,2007
5.30466862253629e-05,2.13910691017481e-05,0.0224869625164575,,0.835807387133743,,3.32623964493857,MDT,,,,,,,,,,,,,2007
0.000748349898485353,6.42510836082167e-06,0.112174731881411,,0.881072435200436,,3.72585050512705,MET,-0.0446770290846686,,,,,,-0.146616125868703,,,,,,2007
-0.000556722203564382,4.54535311520888e-06,5.91011262336728e-08,,0.989244923506022,,3.95409546619198,MGM,,,,,,,,,,,,,2007
-0.000805219021770053,2.67641087042667e-07,3.88938915172598e-10,,0.998999785813259,,4.94700640082306,MHK,,,,,,,,,,,,,2007
-0.00021759294351162,1.18287976426607e-05,0.266927861135773,,0.732071802577961,,3.68432666049428,MKC,0.851938383752687,-0.928099805102413,,,,,,,,,,,2007
-0.000154978941747332,0.000195199075880242,0.386699567277361,,0.424469452645094,,5.54910502764031,MKTX,1.60650531418683,-1.68867055717226,0.967928778965534,,,,-0.918476471564489,,,,,,2007
0.000980290984244626,6.32988742867414e-06,0.0208587564473544,,0.965240869205979,,10.4143067418435,MLM,,,,,,,,,,,,,2007
0.000399845935239801,1.54719485846814e-06,7.92746996642981e-09,,0.99899998554787,,2.64063127649224,MMC,-0.160086836089088,,,,,,,,,,,,2007
0.000844657636480332,2.11015771195066e-06,1.10705462080151e-07,0.0159504299445826,0.983049457776426,,2.4989730329084,MMM,,,,,,,,,,,,,2007
0.00171083269992743,5.3425350882609e-06,1.86083351304321e-08,,0.998999980483061,,2.59323303601445,MNST,,,,,,,,,,,,,2007
0.000853134370179638,8.26287384397632e-06,0.0967538432580451,,0.821454044076156,,6.84924737401427,MO,,,,,,,,,,,,,2007
0.00052361006255702,4.67584364566238e-06,6.45828267055452e-07,9.45609265359928e-07,0.999999431635627,,7.05417819636806,MOH,-0.134444598141386,,,0.809759860888823,-0.841111205547869,,,,,,,,2007
0.00621204988031224,7.98868513931884e-05,0.0566329385689453,,0.859997692569879,,9.13289123141235,MOS,,,,,,,,,,,,,2007
0.000959020961551003,3.20405221214559e-06,8.97703423646288e-09,,0.998999988246765,,2.87778619419534,MPWR,,,,,,,,,,,,,2007
0.000227083434242097,5.26295318316111e-07,0.00463011963880345,,0.99436262739221,,3.61369993088268,MRK,,,,,,,,,,,,,2007
0.00233028785505639,1.89587161651327e-05,0.133608448026406,,0.821380971650167,,59.9992884355669,MRO,-0.104504715316749,,,,,0.724905867314413,-0.0409708406466144,,,,,,2007
0.000491883869148641,1.42770117416834e-05,0.153280629107336,,0.845719163954894,,4.56284174326825,MS,,,,,,,,,,,,,2007
0.000583419341995975,8.3795940133302e-06,0.0407577020423591,,0.918118106764062,,5.57516255056494,MSFT,,,,,,,,,,,,,2007
-0.000264134946289173,5.27107337234042e-07,7.33137428090243e-10,,0.998999949341053,,3.79398607104586,MSI,,,,,,,,,,,,,2007
-0.000373595568084091,1.35316948451579e-05,0.166489943902874,,0.832510031505962,,3.13334205626293,MTB,,-0.116443265282743,,,,,,,,,,,2007
0.0012210978914665,2.12131910925124e-05,0.108737186458712,,0.814019859647322,,3.37366692983531,MTD,-0.0935068310810491,,,,,,,,,,,,2007
-0.00232654210716183,2.54400175586665e-06,0.023056803401201,,0.975943140567236,,8.78829141352309,MU,,,,,,,,,,,,,2007
0.00263587930748888,0.00016023608051038,0.315182295887223,,0.357574281490963,,10.4489352871164,NDAQ,,0.0439834551193054,,,,1.01955648216543,,,,,,,2007
0.000375555061931675,2.85886065651838e-06,1.17367982583315e-08,,0.998999976694021,,2.84172642182002,NDSN,,,,,,,,,,,,,2007
0.00143426258282186,1.95065645598656e-05,0.25877304154633,,0.672236515239299,,9.30213253488334,NEE,,,,,,,,,,,,,2007
0.000307026434178301,1.30609799912182e-05,0.043449999864936,,0.92101399238758,,5.21643503277031,NEM,-0.1050093401777,,,,,,,,,,,,2007
0.000109967236825943,0.00039347819596109,0.297418123291483,,0.303880568876149,,3.43254302883321,NFLX,0.0101765500747856,,,-0.0237629107860362,,,-0.0337215073289018,,,,,,2007
0.00059517291059858,5.3620139892866e-06,0.0406615648551818,,0.958338411115876,,2.6418624720613,NI,0.182420376746421,-0.299399088569321,,,,,0.0532811614388631,0.105364757618572,,,,,2007
0.00110204218599941,1.25057724982207e-06,0.0168089619810574,,0.982191004122227,,3.5724377906836,NKE,,,,,,,,,,,,,2007
0.00112162410097981,7.81869839866993e-06,0.0945028721494261,,0.85332870851772,,8.18105310820724,NOC,,-0.179997040326874,-0.0849453676558711,,,,,,-0.104356812536364,,,,2007
0.00299998802154253,1.21013519543453e-05,0.121192424320103,,0.8619474141704,,4.02067100957903,NRG,,0.0922478362024674,,,,,,,,,,,2007
9.03514512243885e-05,1.21334511048284e-07,3.53426841973816e-08,,0.99899993001537,,20.4709521650355,NSC,,,,,,,,,,,,,2007
-0.000168962538333856,2.55213394400465e-05,0.117531485028227,,0.90372001641376,,4.11245729010203,NTAP,,,,-0.0995807380308605,,1.04338421221686,,,,,,,2007
0.00101200817133771,5.94102165435399e-06,0.120331809563019,,0.878668067517437,,4.11739269588687,NTRS,-0.0997107310537896,-0.00784984333471536,0.897305125075637,,,,-0.78878931750391,,,,,,2007
0.00100615573598843,3.61895788980141e-05,0.159117091622432,,0.791886819078614,,11.9421692675446,NUE,,,,,,,,,,,,,2007
0.00179269525090413,1.87730280260172e-05,0.0430207889406973,,0.940050223363656,,4.30492534066443,NVDA,,,,,,,,,,,,,2007
-0.0013148010887551,2.40394825576528e-06,1.30292699551122e-07,,0.998999752567389,,4.66552376284063,NVR,,,,,,,,,,,,,2007
0.000126012317784364,1.18582785473755e-05,0.131284845654348,,0.849372811376444,,25.8379887754544,O,,,,,,,,,,,,,2007
-0.000557683684702808,1.31459909209883e-06,3.04013004784184e-09,,0.998999965114889,,5.28086231713168,ODFL,-0.0158226395712271,,,,,,,,,,,,2007
0.00113749363052128,1.19365032389122e-05,0.179429070741857,,0.771727672995334,,7.57155464455509,OKE,-0.663943571207215,0.770811144591112,,,,,,,,,,,2007
-0.000238041537061114,2.04179899721089e-06,2.07605033989406e-09,,0.99899998365186,,3.24326932598845,ON,,,,,,,,,,,,,2007
0.000395889832507946,1.23257132229623e-05,6.32410892368743e-08,,0.865258181309002,,12.4626245600026,ORCL,,,,0.216868189568131,,,,,,,,,2007
1.99307959301609e-05,4.36703858113171e-05,0.209193944612984,,0.682373510610678,1.62334934111816e-06,3.64931111938779,ORLY,,,,,,,,,,,,,2007
0.00209859863433077,8.29625364879668e-06,0.0567123146512781,,0.919521936605304,,59.9994756416284,OXY,0.393604417616636,-0.523095789954089,,,,0.803586768121113,,,,,,,2007
-9.51019370589864e-05,6.30167525136636e-07,2.64951588571785e-07,0.00720374576952655,0.99179595996329,,6.10275769875487,PAYX,,,,,,,,,,,,,2007
0.00206331785398482,8.01651913299822e-06,0.0502521626079454,,0.948747759089219,,4.04036166658531,PCAR,,,,,,,,,,,,,2007
0.000584863702013521,2.49986547118977e-05,0.145380653890857,,0.726827153051304,,4.55050850882242,PCG,0.747637818348793,-0.83345513228918,0.904216863384038,,,,-0.800856225040612,,,,,,2007
-0.000597135935714207,7.99306222099414e-06,0.12802198661361,,0.864025360608916,,38.6289092682109,PEAK,,,,,,,,,,,,,2007
0.00292115837385964,7.0732470704712e-06,0.117666703176061,,0.868786515174664,,5.14735102630137,PEG,,-0.0842957555350982,,,,,,,,,,,2007
0.000866316005547765,3.77129842466984e-06,0.0399654790652738,,0.918315129235399,,5.83753199958126,PEP,,-0.109615895990101,,,,,,,,,,,2007
-7.95870700409913e-05,1.14457460630879e-05,0.0695866192053202,,0.831883852455804,,11.6553249268855,PFE,,,,,,,,,,,,,2007
0.000999291380845512,1.45362933813812e-05,0.173928300387895,,0.825071579864274,,3.49907742465754,PFG,,-0.153664460222451,,,,,,,,,,,2007
0.000702472671426973,6.71540630076131e-06,0.084071364809201,,0.840204226326308,,3.49697887907273,PG,,-0.127909513524787,,,,,,,,,,,2007
-0.000588734103084395,7.25039017728146e-06,0.173480035629476,,0.825519920488034,,4.4818459838156,PGR,,,,,,,,,,,,,2007
0.00225275331802286,4.92717792459646e-06,0.0865335169480366,,0.908873343897569,,4.98212086720321,PH,,,,,,,,,,,,,2007
-0.00371916455556244,0.000130649358067663,0.283312203708254,,0.601305315436616,,8.05033763687052,PHM,0.755310530513858,-0.689867027669845,-0.0131281877167099,,,,,,-0.150258147497148,,,,2007
0.00131691580914715,7.98268833933078e-06,0.0694371283717046,,0.910906074293474,,5.18539384387361,PKG,-0.0537917161269946,,,,,,,,,,,,2007
0.00014873654141976,2.02337385168095e-06,0.0480635601702245,,0.950936433122463,,27.5728420729163,PLD,,,,,,,,,,,,,2007
-0.00027181663310636,6.46831554715511e-06,7.22897429223496e-08,,0.835741529272409,,4.26491820695835,PNC,,,,0.32651678277735,,,,,,,,,2007
0.000865505124248333,3.25550743535852e-05,0.0748958405577201,2.16329304501707e-09,0.788871324088157,,7.18902472259179,PNR,-0.725409775992953,0.664029771101223,,,,,,,,,,,2007
-7.69056785245402e-05,8.87448880159992e-06,0.105997596759418,,0.851815729295858,,3.97656396392029,PNW,,,,,,,,,,,,,2007
-0.00109763624769602,6.73135097428631e-06,1.47086207312306e-09,,0.998999993287343,,2.22637152501265,POOL,,,,,,,,,,,,,2007
0.00097271673680168,1.35728981740361e-06,0.0212047366045686,,0.977795079399304,,4.20312632445279,PPG,,-0.170665928929061,,,,,,,,,,,2007
0.00181755274694967,9.60366384092339e-06,0.145143952485429,,0.824107169956306,,11.1301431235175,PPL,,,,,,,,,,,,,2007
0.000983677188322646,2.54275137015202e-06,0.0903896490963791,,0.908610322202215,,4.71190388342619,PRU,,-0.143123194997244,,,,,,,,,,,2007
-0.00108938087790362,1.5109234791071e-05,0.0207800050850133,0.0624030387018909,0.885235296304843,,39.2002451812048,PSA,,,,,,,,,,,,,2007
0.000627578633537528,8.17273542814653e-07,8.51521349562079e-07,8.49982711964978e-07,0.992399051902441,,2.81721321496136,PTC,,,,-0.0389454722038988,0.0514161960925576,,,,,,,,2007
0.00236596032632206,3.03712082964129e-05,0.120920270985093,,0.826182126888383,,25.5125684398378,PWR,,,,,,,,,,,,,2007
0.000962942982854961,2.04848861550158e-06,2.22523844680023e-06,1.71435968436528e-06,0.999997294001831,,11.877789810982,PXD,,,,0.18426958964667,-0.194947261287602,,,,,,,,2007
0.000551740410810395,5.28085364709289e-05,0.143241603788364,,0.676782979780639,,13.8153790877286,QCOM,0.0538105313949696,,,,,,-0.119282375910898,,,,,,2007
-0.000377787875009904,4.65366242124728e-05,0.0856948969751841,,0.782507490993427,,5.14545802386748,RCL,-0.0226457124339497,,,,,,,,,,,,2007
-0.000570290074543517,1.81540058461455e-05,0.0925715727642167,,0.854328760486935,,22.0896456823903,REG,,,,,,,,,,,,,2007
-0.000764203298651509,3.36612617952799e-06,6.85877039652869e-09,,0.998999989768089,,3.50857668156988,REGN,,,,,,,,,,,,,2007
-0.00104074729662243,7.81211948810004e-06,0.164504317805629,,0.830841716794334,,6.22287446464336,RF,,,,,,,,,,,,,2007
7.41693088178098e-05,2.31357196020281e-05,0.065564684637809,,0.882094444076935,,4.04818783659491,RHI,-0.052218956427978,,,,,,,,,,,,2007
0.000345129506523173,9.64744199451274e-06,0.0897787513055583,,0.909221205209222,,3.58612926297219,RJF,,,,,,,,,,,,,2007
0.000451372847821367,2.07722125057808e-05,0.107574590146308,,0.841886566779956,,10.2501039194567,RL,,,,,,,,,,,,,2007
0.000133402120409746,1.05757934977108e-06,3.53528254349341e-05,,0.996498125396456,,3.65476287432788,RMD,,,,,,,,,,,,,2007
0.00139077000953924,7.19507639758077e-05,0.147050745189775,,0.600026029969108,,7.11368694136164,ROK,,-0.133751478096992,,,,,,,,,,,2007
0.000281555820008553,1.29214455678e-05,0.306659574456985,,7.47135096490961e-07,0.689661081320141,7.2705251164032,ROL,,-0.199550383852381,,,,0.931435620630564,,,,,,,2007
0.000806356932183199,1.63427275537816e-06,3.41717644360493e-09,,0.998999988826106,,2.71256156711588,ROP,,-0.175829206549792,,,,,,,,,,,2007
-0.000563015826203162,3.07673340669724e-06,0.0599223782528134,,0.939077484130888,,4.0772984986006,ROST,0.876249087941122,-0.907702883265058,,,,,,,,,,,2007
0.00101918944362813,3.31974105866466e-05,0.198189702541131,,0.250630921674654,0.415214756828201,4.92899611253319,RSG,0.627692921973273,-0.759442284614209,,,,,,,,,,,2007
0.000999795985773978,1.56950637297287e-06,0.0455107020028321,,0.94483469928187,,34.0265964096435,RTX,,-0.128010281631069,,,,,,,,,,,2007
0.00113381727036333,4.35679590794451e-06,0.0152881011627936,,0.912068425225439,,5.25523123359438,RVTY,,,,0.108109847521341,,,,,,,,,2007
0.00147717039716834,3.08733547622425e-05,0.0959472665597628,,0.833940965584941,,6.98680053616291,SBAC,,,,,,,,,,,,,2007
-0.00173525174482243,4.79717525380385e-05,0.204754543357635,,0.627841279604498,,4.61985905877468,SBUX,,0.0408998597413586,-0.0323275887391583,,,,,,-0.142387710721693,,,-0.223463436002722,2007
0.00113518609945368,4.37292540729774e-06,0.0175269026246025,,0.972609096565114,,8.57734105543276,SCHW,,,,,,0.99700993054784,,,,,,,2007
-0.000729556098262845,1.11194118259218e-05,0.115585052872451,,0.851503749884385,,4.07513800262352,SEE,,,,,,,,,,,,,2007
5.03868629970326e-05,2.50717748525584e-06,0.0352497127891942,,0.960035549198826,,4.47803463485279,SHW,0.718117764934898,-0.836430975288847,,,,,,,,,,,2007
0.000597080708027905,1.86465492997788e-05,0.0989259582559242,,0.81359106422566,,4.37775684781285,SJM,,-0.0806489291989332,-0.100020947564118,,,,,,,,,,2007
0.00248592232123859,1.83868197367479e-05,0.0349231711502468,,0.916193330551081,,7.36738475538761,SLB,0.861180258327243,-0.913412104647373,,,,,,,,,,,2007
-0.000499025368197588,1.67379447035154e-05,0.00443474593149069,,0.994565253833494,,2.11550381020616,SNA,,-0.0709925935516273,-0.234860887902595,,,,,,,,,,2007
-5.86451701404478e-05,1.38570770842723e-06,5.8859634166507e-08,,0.998999933116233,,2.84295506979538,SNPS,,,,,,,,,,,,,2007
0.000444903193989754,4.71675484345043e-06,0.119771041770767,,0.8484341644155,,6.61877871314673,SO,,-0.161848355695651,,,,,,,,,,,2007
-0.000257997428352956,2.36170132252352e-05,0.0855607027718402,,0.867040899301044,,99.9977752032371,SPG,,,,,,,,,,,,,2007
0.00118973097124406,1.06628830693385e-05,0.093178500463393,,0.855714443997836,,5.99913200979294,SRE,0.132635625228807,-0.195841391974283,0.847580867991114,,,,-0.874555606647051,,,,,,2007
0.00159557593862873,2.80683320147399e-06,0.0434210055264079,,0.955578924881597,,3.70129878688576,STE,-0.154191124624212,,,,,,,,,,,,2007
0.00252701414985191,2.48927392383865e-06,0.0143128880488558,,0.984687093409708,,8.75499631019168,STLD,,,,,,,,,,,,,2007
0.00117811005827863,8.52330237836495e-06,0.0838267814476522,,0.909061063018522,,3.78760276286206,STT,0.599645560814149,-0.729652224475962,,,,,,,,,,,2007
0.000130811747813283,6.04146935908948e-07,7.75740065372185e-10,,0.998999814796465,,7.86796592736488,STX,,,,,,,,,,,,,2007
-0.000105606261095474,0.000161590062807239,0.339380671809465,,0.140345993726529,,4.1037214019765,STZ,-0.482107472356141,0.443607246905832,,,,,-0.0455110231760822,,,,,,2007
0.00127328478051855,1.31332869859043e-06,4.01398294591747e-10,,0.998999983263725,,2.97816966587176,SWK,,,,,,,,,,,,,2007
0.000577079732416016,2.20433816599328e-06,1.57494055061225e-05,,0.997052751995266,,5.57136958537425,SWKS,,,,,,,,,,,,,2007
0.00146921596553053,0.000126827170936913,0.244024746623977,,0.0847046565821935,,4.92984281657204,SYK,,,,,,,,,,,,,2007
-0.00037533092103878,4.80946093241534e-05,0.217557552765836,,0.584736051818815,,5.20131441247574,SYY,0.890646864208521,-0.959079518857545,,,,,,,,,,,2007
0.00101975220740062,2.0510197655244e-05,0.00946975885641887,0.147196141864374,0.053952540752545,0.69428783041455,9.76724097408745,T,0.903955248894028,-0.971323915069944,,,,,,,,,,,2007
0.00123503094421166,3.54571838604563e-06,0.0308013656427606,,0.968198615465791,,3.10177678142414,TAP,,,,,,,,,,,,,2007
0.00175600653512675,7.34107609277559e-07,2.32200357754179e-09,,0.998999905918795,,5.08661820244962,TDG,-0.0558436795362458,,,,,,-0.0263574052519412,0.0638468329329913,,,,,2007
0.00129812790575181,2.61254444485767e-06,0.0235048061183093,,0.975495186710857,,3.81299028663838,TDY,-0.164025679853109,,,,,,,,,,,,2007
0.000306039396415701,7.76228065206015e-05,0.0374449300012592,0.195302315989766,7.57558952349553e-16,0.304395739874207,5.43743776882349,TECH,,,,,,,,,,,,,2007
-0.000687722261569017,2.13966587701637e-05,0.0540403571497911,,0.883277912522751,,12.4446824078298,TER,-0.222519113162244,0.19819607853051,-0.774738582231804,,,,0.688846368446791,0.0192424349296891,,,,,2007
-0.000310546013992542,6.20995490915191e-06,0.145521129741258,,0.853478865385187,,4.140607781639,TFC,-0.324626198993179,0.288336602585245,1.00282306740447,,,,-0.971242693428195,,,,,,2007
0.000472333990299813,2.58209301909495e-05,1.09208657498297e-09,1.50877137180628e-08,0.768543739872467,,4.21616348935678,TFX,-0.557257531643212,0.57339367044379,-0.0554798549163954,0.134927995865638,0.142382103126142,,,,,,,,2007
0.000234239252637585,6.99938900738633e-06,0.118630148539099,,0.880369802224977,,4.68426573724,TGT,-0.376582606251766,0.306062919291062,0.894974829681713,,,,-0.924121458811825,,,,,,2007
4.07393519964388e-05,3.28050051937921e-06,0.061427978472342,,0.930545096273604,,15.1415711032287,TJX,0.91954027274094,-0.999999969078845,,,,,,,,,,,2007
0.000643937097094515,1.99457417211346e-07,7.17039438294814e-09,,0.998999968179959,,6.56834115452344,TMO,,,,,,,,,,,,,2007
0.000288666378878684,3.66741217991793e-05,0.121383800398293,,0.819995600861561,,7.49298190451719,TPR,,,,,,,,,,,,,2007
0.000615877634659229,0.000357607199978072,0.651869356017066,,1.16429991211277e-10,,2.99646866696962,TRMB,,-0.0112674340197408,,,,,,,,,,,2007
0.00109148049213671,9.6581823113399e-06,0.114166223442379,,0.873389081811746,,8.57080191915678,TROW,0.855545229845268,-0.999999989877056,,,,,0.0234615391807962,,,,,,2007
0.000554748090813541,6.23384718555294e-06,0.0911996250038032,,0.893953892445095,,4.35059499939547,TRV,,-0.16210941276119,,,,,,,,,,,2007
-0.000800039703857387,2.39650386324947e-05,0.0246160286365715,,0.912946520585097,,6.03569698539838,TSCO,0.82065992112394,-0.864591195562973,,,,,,,,,,,2007
0.000821084364478096,1.79981982728601e-06,7.54792280871356e-12,,0.998999996884437,,2.95345684749674,TSN,1.29354178007975,-1.16849515713815,0.183270007507979,,,,-0.298360846077329,,,,,,2007
0.00188749640851439,6.05123914837148e-06,0.0255290609329004,,0.973470930768336,,2.83235540925475,TT,,-0.137884114871966,,,,,,,,,,,2007
-0.000267461761398577,7.52875544401345e-05,0.13467586390715,,0.793047292209645,,4.56514630150799,TTWO,,,,,,,,,,,,,2007
0.000471254946990804,3.61937955698611e-07,2.6168757105749e-08,,0.998999799214795,,3.92721220493696,TXN,,,,,,,,,,,,,2007
0.00179788272605563,8.14159278673565e-06,0.0639644951967972,,0.915334404302131,,8.17755547445971,TXT,,-0.155328829752073,,,,,,,,,,,2007
-0.00104865152425614,6.2949665739154e-06,0.0604992512502953,,0.936477244137632,,3.37992582095764,TYL,-0.500506782195316,0.260922108227466,0.259506490460418,,,,-0.413032648246033,,,,,,2007
-0.000517111484083172,1.13560555988546e-06,5.52364150700759e-08,,0.998999883903303,,20.1849057741638,UAL,-0.837081093364068,0.999999998461675,,,,,0.084388869394781,,,,,,2007
-0.00128872140725858,3.54542192865557e-06,0.0737754404165774,,0.925224503681589,,7.74889336605523,UDR,,0.0889993117576914,,,,,,,,,,,2007
-0.00052919129481841,3.36775882207988e-07,7.29472685429135e-09,,0.9989999867058,,4.52335519027907,UHS,,,,,,,,,,,,,2007
0.000430337947452273,2.20987886988482e-08,8.7832337742315e-07,,0.998998975074637,,14.4873247025657,UNH,,,,,,,,,,,,,2007
0.00138435483076473,1.74286702404139e-05,0.0519052040604517,,0.895027401394531,,12.1272595546111,UNP,,,,,,,,,,,,,2007
4.2629876653424e-06,8.26452553149808e-06,0.0771449914704741,,0.83861429895778,,5.79493786014708,UPS,-0.791889455879792,0.693917791766396,,,,,-0.204643883498584,,,,,,2007
-0.000102018289720424,4.64838857079652e-07,0.0188743168997699,,0.980125682805523,,2.4329912216952,URI,,0.097936259210467,,,,,,,,,,,2007
-0.00029741095652483,3.9003481105075e-06,0.142316187382038,,0.856683594848491,,4.10869701463356,USB,,,,,,,,,,,,,2007
0.000855989003403005,4.00207061371479e-06,0.112980580427873,,0.886019317974317,,4.74310807938826,VFC,,,,,,,,,,,,,2007
0.00204852015287108,2.19295064999371e-05,0.100940927219195,,0.825346562375436,,99.9999661407282,VLO,,,,,,,,,,,,,2007
-0.00126252717527805,1.15091431974794e-06,0.0198322574634996,,0.390081738345384,0.588717150566255,5.85389541333682,VMC,-1.8658209720273,1.81653537006055,0.687008206662082,,,,-0.869275780161325,,-0.127692268501263,,,,2007
0.00118998021326045,1.465308550662e-06,2.72974068522121e-09,,0.998999980002107,,3.2025872119722,VRSN,,,,,,,,,,,,,2007
-0.00217969719216352,1.24530634381808e-08,0.0107310127349349,1.1260037589062e-07,0.99295650741638,,3.73567207884474,VRTX,,0.0788114998212001,,0.326811783991885,-0.336187207037824,,,,,,,,2007
0.000676700944978244,1.01841652467388e-05,0.163236108205507,,0.820462601937058,,75.9098508745914,VTR,,,,,,,,,,,,,2007
0.000726910623767514,2.69962273493696e-07,1.41176960961353e-07,,0.998999786892181,,9.68402187931691,VZ,-0.133044571381286,,,,,0.811899233337985,,,,,,,2007
0.000717296712982748,5.494506356634e-05,1.42566867351129e-09,0.0938818694828963,2.84554028427552e-07,0.766405430852497,5.86427391523005,WAB,0.702222420757103,-0.805996778919714,,,,,,,,,,,2007
0.00137264337578868,1.55678637699583e-05,0.0898901314104628,,0.846574407835846,,3.02636142726088,WAT,,-0.0791058882777712,,,,,,,,,,,2007
-0.000352261908806964,4.14900446142438e-06,0.106966100380237,,0.947999439342635,,3.55507680796671,WBA,,,,-0.111932134883814,,,,,,,,,2007
0.00115665490249823,1.76850871435056e-05,0.0644762268739314,,0.904534061282865,,3.83938922634192,WBD,-0.136830039053138,,,,,,,,,,,,2007
0.00128065814806585,8.43297997472833e-06,0.0331272508245833,,0.960564767034347,,3.42387092654137,WDC,,,,,,,,,,,,,2007
8.46249498395863e-05,6.25949970499356e-06,0.171455183106686,,0.773956073572871,,59.9977377747296,WEC,0.302903297043747,-0.323571316189265,1.02383177440898,,,0.812768042717049,-1.00695342358419,,,,,,2007
-8.55782204545412e-05,1.12169792405976e-05,0.129287919986976,,0.869712080647008,,2.94142697640034,WFC,0.393701587911322,-0.572191129300776,0.751698514249958,,,,-0.720654933536082,0.656182394659897,-0.85007907532714,,,,2007
0.000665379719613479,4.31552156226504e-06,3.74561968058688e-08,,0.998999927273492,,2.47404237064061,WHR,,,,,,,,,,,,,2007
0.000740973681156396,1.04196973631344e-05,0.0332510011087831,,0.933727218946869,,3.14225924827044,WM,,-0.20062623037956,,,,,,,,,,,2007
0.00174748772764687,1.81220887791237e-05,0.060583491395852,,0.873663495999689,,7.48514576693749,WMB,,,,,,,,,,,,,2007
0.000269047277825667,4.85920071478647e-06,0.0926979241269689,1.80215835943663e-08,0.892429958691599,,3.9223798319903,WMT,-0.00858495571147864,,,-0.535470891261867,0.518051419952986,,,,,,,,2007
-0.000259932207256776,8.40654898563806e-06,0.137775373302022,,0.829467402280907,,11.1790464379283,WRB,,-0.177661141197929,,,,,,,,,,,2007
-0.000114013896336062,4.26899592617184e-07,9.69504644636512e-08,,0.998999810070518,,3.35346117613029,WST,-0.502128528691606,0.514893274851721,,,,,-0.0884321128004112,,,,,,2007
0.000307388096389529,1.72905503038066e-05,0.0815874188418084,,0.880429436268205,,4.52218462869884,WY,,,,,,,,,,,,,2007
0.000334241094513713,6.51367322931477e-06,0.0337599555265056,1.11173369988775e-07,0.960756578179083,,6.55571582433586,WYNN,,,,,,,,,,,,,2007
0.000495119051473854,7.04607307977911e-06,0.115366060405591,,0.870580961069857,,3.57866377174124,XEL,0.328377174178096,-0.454672117131928,0.722953096064381,,,,-0.75865462040525,,,,,,2007
0.00184059400399339,1.28466250595737e-05,0.104772544453147,,0.836514738417821,,7.68216362624273,XOM,0.0552052721067322,-0.231037377768705,,,,,,,,,,,2007
0.00138620088044505,7.37577878644766e-05,0.306319937095169,,0.510489095864082,,2.99114351471787,XRAY,,,,,,,,,,,,,2007
0.00100329527970103,6.88081393771999e-05,0.20930743218842,,0.545675140066191,,4.08923482155462,YUM,,,,,,,,,,,,,2007
8.6492203072937e-05,3.59313079980371e-06,1.00391494944828e-09,1.88698714401224e-08,0.988848228140928,,2.43284589812807,ZBH,,-0.109178117767414,-0.131355886336873,0.546501006575349,-0.526197524649864,,,,,,,,2007
0.00054611760733862,3.58858120243057e-06,0.0167227618019323,,0.982277191493085,,2.73647658383719,ZBRA,,,,,,,,,,,,,2007
-0.000366591080280654,9.12941676499196e-06,0.15471812659822,,0.844281845457754,,3.21676893468129,ZION,,,,,,,,,,,,,2007
