mu,omega,alpha1,beta1,gamma1,skew,shape,tick,ar1,ma1,ma2,alpha2,beta2,ar2,ar3,ar4,ar5,ma3,gamma2,eta11,eta21,ar6,ma4,ar7,ar8
-3.53354369521423e-06,1.19904856981585e-05,1.15782128034071e-07,0.882564454112297,0.11614615030254,0.829323936305249,8.11594701140982,A,,,,,,,,,,,,,,,,,
0.000130977581542717,5.17390702750576e-05,1.09112014302125e-13,0.866578974522409,0.073646750200355,,5.24713530429881,AAL,,,,,,,,,,,,,,,,,
0.000370726876379449,1.51808656504617e-06,0.00634924703750345,0.988468336847351,,,2.90901091243955,AAP,,,,,,,,,,,,,,,,,
0.000271125521693542,1.29024306063915e-05,0.0154680802085823,0.849269832767413,0.179038370775835,,4.82893827908368,AAPL,,,,,,,,,,,,,,,,,
0.000674903794961269,2.50045431504729e-05,0.220723075460905,0.749178918890558,,,3.78506462796599,ABBV,,,,,,,,,,,,,,,,,
0.000705977126963761,4.54550364049992e-05,0.212723261168177,0.617065806895104,,,3.09577886289341,ABC,,,,,,,,,,,,,,,,,
0.00179017750338087,8.2327505828776e-06,0.0163567520657871,0.972735578961579,,,2.88914166883505,ABMD,,,,,,,,,,,,,,,,,
0.000372504293805058,1.31327670148832e-05,1.43949387703686e-07,0.874735258620892,0.111782784305809,,3.97550329354541,ABT,,,,,,,,,,,,,,,,,
0.000473092304579548,3.09487907930015e-05,9.16165779654311e-12,0.717938923234752,0.277396466259353,,3.68143783099499,ACN,,,,,,,,,,,,,,,,,
0.000722456314839955,2.24314757881674e-05,0.171014207896385,0.739873377587731,,0.894482438499881,4.7122584169487,ADBE,0.920322778663368,-0.980883389939255,-0.0357261481434895,,,,,,,,,,,,,,
0.000292138895216553,1.01542374052625e-05,2.54861904074187e-07,0.924760723390099,0.102769020928303,,3.53688530287981,ADI,,,,,,,,,,,,,,,,,
-0.000314571089750836,2.4733958779669e-05,0.136464888501432,0.781705670014354,,0.860891649650578,5.03538469405486,ADM,,,,,,,,,,,,,,,,,
0.000568307564597309,2.41306807693989e-05,5.60233362790189e-13,0.681020190609049,0.296387178267877,,4.7741532042463,ADP,,,,,,,,,,,,,,,,,
0.000201248705795716,4.35274765123837e-05,2.71485119221061e-09,0.813632444250611,0.185394888345222,,4.05822018806172,ADSK,,,,,,,,,,,,,,,,,
0.000153527502163865,2.65882878950817e-05,0.0990541845850397,0.723767157876928,,0.81490753040896,7.28847573782356,AEE,,,,,,,,,,,,,,,,,
2.50194244709264e-05,5.87551496576925e-06,0.040585702872822,0.919662281998108,,0.755465579992053,6.78398576840571,AEP,,,,,,,,,,,,,,,,,
-0.000303699593265922,1.86686366286326e-05,0.0665671815665319,0.877570700115183,,,8.52397886914331,AES,,,,,,,,,,,,,,,,,
0.000344763356237977,1.52420663306793e-05,0.00579091241688622,0.757733364727136,0.21634397619619,,5.31871173611639,AFL,,,,,,,,,,,,,,,,,
0.000393178027458314,2.64766782291765e-05,0.00495399366103983,0.689269983151775,0.365602376872962,,4.43757151484992,AIG,,,,,,,,,,,,,,,,,
0.000978701740568062,7.82817465965985e-05,4.76275019527234e-08,1.39303270371034e-09,,0.953352927366322,3.91109878645193,AIZ,,,,0.137658603519059,0.460225495867268,,,,,,,,,,,,
0.000402875913129659,2.82517943201862e-05,0.256878035161566,0.4793677523722,,,8.47067691600227,AJG,,,,,,,,,,,,,,,,,
0.000856578754813843,0.000165177371135342,0.321415733738054,0.383484769906607,,,3.19061308937973,AKAM,,,,,,,,,,,,,,,,,
0.00114767908775262,7.36590567723481e-05,0.109964376697027,0.733197695114642,,,3.79965021628774,ALB,,,,,,,,,,,,,,,,,
0.00162205007821647,1.5805130468525e-07,1.70403681970131e-09,0.998999951312387,,,3.43430621693177,ALGN,1.61939701564534,-1.71029708437218,1.00219903991042,,,-0.895406772142053,-0.00445871730386344,-0.0544044872721309,0.00599575448259177,,,,,,,,
0.00108607083570467,2.60863642358859e-07,2.59965401874271e-09,0.998999994995233,,,6.732757877324,ALK,,,,,,,,,,,,,,,,,
0.000485724582460727,2.36372683395643e-07,0.012798635072111,0.982075973045863,,,4.62096374413125,ALL,,,,,,,,,,,,,,,,,
0.000505743793469079,2.05737834887548e-05,0.135649713619306,0.758658223669157,,,5.32539884049879,ALLE,,,,,,,,,,,,,,,,,
-0.000428683551641926,0.000204175444102426,0.0676503769126156,0.588410198516673,0.0439924814378998,,5.3742524671334,ALXN,,-0.080480094412248,,,,,,,,,,,,,,,
0.000747310915094625,6.79747646609682e-05,1.39289275752341e-09,0.697082034585851,0.212555855769085,,4.21034175221155,AMAT,0.0576164884407703,,,,,,,,,,,,,,,,
0.00185783514633137,0.000682796490027324,0.526047832275817,0.0420707579200804,,,3.51903246972482,AMD,-0.867960145655693,0.816732138816167,,,0.201034506969862,,,,,,,,,,,,
0.000287527952675934,5.19498731530615e-05,0.171635813553704,0.530869639121981,,,6.43711028222982,AME,,,,,,,,,,,,,,,,,
-0.000162376713990636,1.44054457464712e-05,4.08765359174472e-07,0.84601086642915,0.22911373043493,,4.64789359400911,AMGN,,,,,,,,,,,,,,,,,
-0.000586749041968836,3.65419854595564e-05,0.0227715013702969,0.726025048108403,0.289092278895739,,5.48691267667122,AMP,,,,,,,,,,,,,,,,,
0.000618735625283146,1.22661368372575e-05,0.0821628958255774,0.84679052965882,,,5.96296338964918,AMT,,,,,,,,,,,,,,,,,
0.000733189232953346,2.10637242500336e-05,0.00869285088990813,0.825112182968119,0.306498546914652,,3.78757534391011,AMZN,,,,,,,,,,,,,,,,,
0.0017157431085472,6.83025437502183e-06,0.0437173744953572,0.94889859337314,,,3.52299135072124,ANET,,,,,,,,,,,,,,,,,
0.000304619732782884,2.86174953449876e-05,0.10114229223995,0.730179595257099,,0.837298154041421,4.37712383141829,ANSS,0.896695372021888,-0.963389469074136,,,,,,,,,,,,,,,
0.000343107614823784,0.00013164477943362,0.239860566831039,0.25813507187961,,,8.65015687241569,ANTM,,,,,,,,,,,,,,,,,
0.000563101410712853,3.18028045305549e-05,0.195814364546092,0.592461205265063,,,4.16254320990279,AON,,,,,,,,,,,,,,,,,
0.00152659797206789,0.000279135223155267,0.319495873262781,1.91543966750265e-11,,,2.91852997587482,AOS,,,,,,,,,,,,,,,,,
-0.00125729074819145,3.79656279192349e-06,1.85059456009752e-08,0.956737560431085,0.0845248178825015,,5.95860552545238,APA,,,,,,,,,,,,,,,,,
0.000319634463102514,2.69979005859442e-05,0.196749728559289,0.671604302583818,,,4.04913018369245,APD,,,,,,,,,,,,,,,,,
0.000625012949014647,8.44516636325918e-06,0.01163266413642,0.858574077979383,0.144601560334693,,5.22835423126298,APH,0.665398268355436,-0.70421703104313,0.599051629965462,,,-0.598118267783222,,,,-0.0840579148279949,,,,,,,
0.000534828499259094,8.24916116003136e-06,2.06719557988918e-07,0.941094634739313,0.0743153191755917,,3.75051250197023,APTV,,,,,,,,,,,,,,,,,
0.000586682651738734,1.71902116598604e-05,0.0582301292136684,0.839580268895111,,0.799270204091621,8.74459009223785,ARE,,,,,,,,,,,,,,,,,
0.000836036171931837,3.23219715457093e-06,0.0201427422396322,0.958316680572267,,,4.754765104294,ATO,,-0.103241949383467,,,,,,,,,,,,,,,
0.00102505267364603,3.25624077658853e-05,1.88512904262938e-08,0.798095796197795,0.224909301858256,,4.85772985314987,ATVI,,,,,,,,,,,,,,,,,
0.000224590637843625,3.79706773465865e-05,1.03924136911788e-13,0.624831234887347,0.229606980894592,0.777532442681494,13.3968762310923,AVB,,,,,,,,,,,,,,,,,
0.000179900439815624,7.53628359790997e-06,6.4463324712155e-08,0.929499012808188,0.139000864007819,,4.53097520655139,AVGO,,,,,,,,,,,,,,,,,
0.000546039473787285,4.15729265012989e-05,0.0502636202933162,0.626065037185843,0.220916646148567,,5.33805026668373,AVY,,,,,,,,,,,,,,,,,
0.000469815963243823,1.89569563225403e-07,7.44117201203407e-06,0.998982797515091,,0.798097196731306,4.88682844498854,AWK,,-0.084621228577735,,,,,,,,,,,,,,,
0.000185884561746562,2.00072625630478e-05,4.23291745579302e-14,0.851509872542927,0.0806519837359498,,3.43510588213989,AXP,,0.0762312157642558,,,,,,,,,,,,,,,
4.16703807641718e-05,2.21147831528273e-05,8.65490195484496e-11,0.754715537476049,0.207135943241623,,4.78188236573822,AZO,,,,,,,,,,,,,,,,,
0.000773307511422001,2.73402499090458e-05,0.14542530399669,0.727012137807398,,,4.83230136062907,BA,,,,,,,,,,,,,,,,,
0.000332119161148392,1.8134846403946e-05,0.0548922068973169,0.821616022595306,0.148837296976905,,6.83594801049343,BAC,,,,,,,,,,,,,,,,,
0.000479745663344233,0.000118542432749599,0.291491117388643,0.220485131782587,,,3.41492415207051,BAX,,,,,,,,,,,,,,,,,
0.000254214744759207,9.62808511072034e-05,3.73374141358737e-14,0.712386467883908,0.193766833197143,,3.26586432130073,BBY,,,,,,,,,,,,,,,,,
0.00067431624037982,1.53137234626254e-05,0.108245209089439,0.786392992031377,,,5.72093002044386,BDX,,,,,,,,,,,,,,,,,
-0.000926081675814237,1.57958808516772e-06,0.00632829821201833,0.951120715759007,0.0767242197749021,,5.65990481570256,BEN,,,,,,,,,,,,,,,,,
-0.000420970913404621,1.49458368885215e-11,8.66266529616013e-06,0.992042297445176,0.0119822083005081,,3.35462725384503,BIIB,,,,,,,,,,,,,,,,,
0.00036533596819021,1.558354830775e-05,0.0278267648323459,0.775223968214401,0.30248788440834,,3.77153239647116,BIO,,-0.130052499218724,,,,,,,,,,,,,,,
0.000313032018966742,1.40938468087258e-05,0.0639045524523169,0.791273770152767,0.200819470919271,,5.06288286189576,BK,,,,,,,,,,,,,,,,,
0.000492020625563139,5.69841668811552e-05,0.0907356320119758,0.741307668855595,,,3.21431032149817,BKNG,,0.0733942684764079,,,,,,,,,,,,,,,
1.96258738633284e-05,1.7512842616783e-05,0.150955675392122,0.776547712424387,,,6.49868146087762,BLK,,,,,,,,,,,,,,,,,
0.000375912160651652,2.40931342231965e-06,1.40092753513788e-08,0.9699843731814,0.218579025677804,,4.29349672779354,BLL,0.940881180201816,-0.984620185753032,,5.97751400045708e-09,,,,,,,-0.183088681657186,,,,,,
0.000444126456371205,8.76743493801649e-07,0.16886249303803,0.127413678267319,,,3.77591955302935,BMY,,,,,,,,,,,,0.996664555103279,0.00035020854966777,,,,
0.000849135793679916,2.69543655385903e-07,0.00104152402275273,0.996799961909783,,,5.0224418944306,BR,,,,,,,,,,,,,,,,,
0.000597775079269523,3.43674429664456e-05,8.93247449707937e-14,0.7361380259195,0.301725248927821,,4.63659176583268,BSX,0.0398287238416935,-0.154661264805082,-0.297558234284218,,,0.252546957936774,,,,,,,,,,,
-3.31792777522221e-06,8.62211332084413e-06,0.0618797134408157,0.92322466319335,,,4.25084433595306,BWA,,,,,,,,,,,,,,,,,
0.000433780985679781,2.77235929528847e-05,0.14075254627913,0.700413492726494,,,6.40502580682422,BXP,,,,,,,,,,,,,,,,,
0.000310429254997131,2.3509651795869e-05,0.0368909157195095,0.774176878740791,0.268686346076855,,4.49229310144697,C,,,,,,,,,,,,,,,,,
0.000616408531642354,2.74162018416047e-05,0.00250117557261418,0.869668152858155,,,3.19058221756056,CAG,,,,,,,,,,,,,,,,,
0.000192241736533872,4.01295287020504e-05,1.45884706112677e-09,0.684293567472241,0.237329887552509,,4.50421835015015,CAH,,,,,,,,,,,,,,,,,
-0.000182105092319444,5.52011669974273e-06,3.52018533646451e-07,0.938303625313073,0.0875245654534819,,5.29084337575926,CAT,0.0218187467598832,,,,,-0.00467740877754274,-0.0660226575958646,,,,,,,,,,
-1.11445623553845e-05,1.06929129932692e-05,0.031791813128027,0.772276166039836,0.241724869673605,,5.7323428102538,CB,,,,,,,,,,,,,,,,,
0.000498995814971521,4.80201095736183e-05,0.117111304159386,0.540776169124342,,,6.16956329105987,CBOE,,,,,,,,,,,,,,,,,
0.000134275503675915,2.2220669409153e-05,0.0149568672012745,0.850213805825573,0.157279280960413,,4.3684141883727,CBRE,,,,,,,,,,,,,,,,,
0.000315428682157159,1.01450276086731e-05,0.076936338463118,0.841900596648111,,,5.58632689742341,CCI,,,,,,,,,,,,,,,,,
0.000505838993365778,4.99312407604412e-05,4.04574460833264e-13,0.738603745451343,0.168106089166527,,5.1812520236695,CCL,,,,,,,,,,,,,,,,,
0.000669395079995938,0.000109720200685629,0.233986271596198,0.268931489631568,,,3.9210431990146,CDNS,0.967399052552917,-0.99999999,,,,,,,,,,,,,,,
0.000806045074405967,1.08501235592791e-05,0.0527720362836038,0.909286254967923,,,3.3350346040813,CDW,,0.0567616365582178,,,,,,,,,,,,,,,
-5.94090882759828e-05,1.74001694590007e-05,7.00718644197309e-09,0.882172766821623,0.13679598138688,0.8434777264238,3.99766409273303,CE,,,,,,,,,,,,,,,,,
0.000197233265866141,1.93072312156061e-05,0.0759584486758797,0.854697688185189,,,4.19422072248495,CERN,,,,,,,,,,,,,,,,,
-0.000322298039738704,0.000443760802317142,0.459795430027478,0.458106224183028,-0.459920686781746,,3.24581240894772,CF,,,,,,,,,,,,,,,,,
0.000962074608633064,2.38089350378343e-05,0.0275980244287153,0.801412984456987,0.18902043256073,,6.83175354448536,CFG,,,,,,,,,,,,,,,,,
0.00026027086733391,9.19374045398679e-05,0.20613308456444,0.183751936520011,,0.830313937181058,3.9622373211711,CHD,,,,,,,,,,,,,,,,,
0.000577953970411321,1.07750423042612e-08,0.234520843374536,0.452740974501069,,,2.76866470754176,CHRW,0.796757827175204,-0.864371959732826,,,,0.0355292236337806,,,,,,0.999985079304979,0.0108042176976092,,,,
0.000507656080326498,0.000114396064867838,1.41002244376707e-10,0.431028949502448,0.0445667416270017,,4.1770315172419,CHTR,0.79382459832315,-0.844033023514023,,0.042443342485678,,-0.00992533376402067,,,,,0.449787211675944,,,,,,
0.000633650440235947,2.16891448938735e-07,0.286614221184253,0.131925143758051,,,4.65562628915388,CI,,,,,,,,,,,,0.9992847850556,0.00192308525903842,,,,
0.000715690168721025,1.60762973285951e-05,0.0070481694000441,0.724535389549145,0.283426957852204,,6.9243380496327,CINF,,,,,,,,,,,,,,,,,
0.000336742733422027,4.23888305195821e-05,0.379561505765106,0.345726834584656,,,3.58725357378151,CL,,-0.124735136275246,-0.102712548684511,,,,,,,,,,,,,,
0.000552443949080977,4.97455951971448e-05,0.172226488428664,0.336680821756209,,,6.27382193361309,CLX,,,,,,,,,,,,,,,,,
0.00112164134495984,3.58569988942495e-05,0.180235720918954,0.731095028037674,,,6.2891778232152,CMA,,,,,,,,,,,,,,,,,
0.00037927398307982,2.41027473915178e-06,4.66078815211748e-09,0.928764866821614,0.106671122081309,,6.15739986706743,CMCSA,0.841011423898232,-0.819676035013564,0.934279374830138,,,-0.961976480126079,,,,,,,,,,,
0.000601709800869314,9.59848818214212e-06,0.11456538839932,0.844501197718605,,,4.49973343490447,CME,,,,,,,,,,,,,,,,,
-0.000877450000891742,2.8869295690762e-06,0.0210624868823393,0.977937509806732,,,2.92295709467897,CMG,,,,,,,,,,,,,,,,,
0.000175985675333688,9.80536479494524e-06,0.0701656362403554,0.902319563056669,,,3.52934482225317,CMI,,,,,,,,,,,,,,,,,
0.000509841222919234,1.60273304047712e-05,0.0533889470461724,0.837100605092084,,0.813689167978351,6.2204776540323,CMS,,,,,,,,,,,,,,,,,
0.00149202480218902,5.51364357854467e-05,0.0762873092187184,0.934441828842125,0.763140375581063,1.02268007048737,2.42311157023661,CNC,,,,5.63619016215407e-06,,,,,,,-0.786211633244851,,,,,,
0.000593583311236608,6.03882472169275e-05,0.175901087545993,0.511762052177118,,,6.26437233523437,CNP,-1.30191808595234,1.17472455240032,0.411215556457933,,,-0.535924693938519,,,,,,,,,,,
0.000538316985400523,2.72098208029373e-05,0.195027805395596,0.727685400141973,,,4.56643017541882,COF,,,,,,,,,,,,,,,,,
-0.000840273506484476,1.51972074099863e-06,1.58086671411726e-08,0.952701336491755,0.0925972926226722,,6.5407056957584,COG,0.864987588831244,-0.929084088725387,0.951317282355796,,,-0.884999858958094,,,,,,,,,,,
0.000355702787808772,2.36476114022273e-06,8.59176375072054e-09,0.968410484867379,0.0385507033649318,,4.71036834566802,COO,,-0.00590853328302175,-0.0703696588490553,,,,,,,,,,,,,,
-0.00133215454223251,4.00673879074312e-06,0.0152656993260309,0.923986569612084,0.119495442655056,,9.99605968942924,COP,,,,,,,,,,,,,,,,,
9.39402029859725e-05,1.5254742530802e-06,5.39701431031623e-07,0.955515554194567,0.0671498887744461,,4.16337911319397,COST,0.839812990439964,-0.811150310678549,0.730578536887964,,,-0.807106457513966,0.00034738740608934,,,,,,,,,,
0.000588140496684965,3.18661985291178e-07,3.62821834606979e-05,0.998050867093017,,,4.15053979648696,CPB,,,,,,,,,,,,,,,,,
0.000449969214396469,8.21024239178242e-05,0.172215845802089,0.271113708848048,,0.9410172080571,4.66790197906308,CPRT,,,,,,,,,,,,,,,,,
0.00013169178592165,4.01409558010728e-05,0.0186110903704884,0.779707861068263,0.253149955035508,,3.42562102732363,CRM,,-0.127168970944852,-0.0715232006566117,,,,,,,,,,,,,,
0.000112113237621633,1.40546271967965e-05,0.000890823736347051,0.811593576289229,0.254604357826773,,4.64266062976931,CSCO,-0.421268267527055,0.410308310787941,,,,-0.0250147473613229,0.0763554668473941,,,,,,,,,,
2.41156701252157e-05,1.37699712164568e-05,0.0760980754397791,0.876366425111465,,,7.89091574149113,CSX,,,,,,,,,,,,,,,,,
0.00084141603841948,1.75653775027203e-05,5.3499044631702e-09,0.764016738357303,0.286905029216708,,3.60180897241643,CTAS,,,,,,,,,,,,,,,,,
0.000621778887545175,2.05222464589571e-05,0.0412400143556149,0.91939889039448,,,3.83743563915646,CTLT,,,,,,,,,,,,,,,,,
0.000488781804229836,0.000108954225519278,0.197142700634575,0.50362981561474,,,3.51332242615085,CTSH,,,,,,,,,,,,,,,,,
-0.000100505763138371,2.33414725930067e-05,6.97224684632576e-12,0.85923475199374,0.161275194773714,0.836826305869088,3.76805747960173,CTXS,,,,,,,,,,,,,,,,,
5.54751616062119e-05,5.07266927700494e-06,0.0341096440458498,0.933683670608371,,,4.2361633244688,CVS,,-0.105639896865873,,,,,,,,,,,,,,,
-0.000144190100593031,1.39329471315552e-06,0.0162470219523441,0.928766868442662,0.104166158369142,,13.1343996603785,CVX,,,,,,,,,,,,,,,,,
7.73489233475766e-05,1.0946418861359e-07,9.3650628964061e-08,0.998999877132177,,0.823944813237709,8.22582913885636,D,,,,,,,,,,,,,,,,,
0.000463196990611883,5.76148776718548e-05,0.0564215782557384,0.797715775506493,,,7.13727910566308,DAL,,,,,,,,,,,,,,,,,
0.000451561120281628,2.70674456580425e-05,0.231938072196391,0.699535603300076,,,3.85772919201534,DD,,0.00581938395766835,,,,,,,,,,,,,,,
-0.00022839199695241,2.09577050450519e-06,0.00137129201711715,0.966591840377327,0.0608833225020445,,3.33082694475888,DE,,,,,,,,,,,,,,,,,
6.84006979204166e-05,1.89445677546103e-05,0.00826847361391033,0.84299203399785,0.121877706361353,,4.42218791734529,DFS,,,,,,,,,,,,,,,,,
0.000475554411430018,5.80376449029937e-05,0.0227189628315291,0.635536600258708,0.237541216451574,,3.53938232165105,DG,,,,,,,,,,,,,,,,,
0.00062732551306327,4.46347049802503e-06,3.49307368533353e-08,0.915509632498861,0.116743499580998,,5.45035579732462,DGX,-0.128136927124063,,,,,-0.0583359800982411,,,,,,,,,,,
0.000337434550708156,1.85291256973983e-05,0.101387880526899,0.84614562329932,,,7.369627194623,DHI,,,,,,,,,,,,,,,,,
0.000357590733827443,3.66959257581312e-06,0.0740149828202914,0.936549211692942,0.0194439364566249,,3.75153070734324,DHR,,,,0.0472399447863086,,,,,,,-0.138293386693061,,,,,,
0.000575537641331406,8.87139323765717e-06,0.000635507105790344,0.851272685889359,0.168053486661919,,4.11229575397759,DIS,0.900602478235979,-0.93749910880844,1.00046895118365,,,-0.952879687273045,-0.0401217029498807,,,,,,,,,,
-0.000451403109564629,2.58168845481828e-06,0.0291467272500865,1.37189811026459e-08,,,5.57767890064902,DISCA,,,,,0.963679847266547,,,,,,,,,,,,
-5.33991220049506e-05,0.000106599272635663,0.160764218445794,0.54405207541802,,,6.04931532159533,DISCK,,,,,,,,,,,,,,,,,
-0.000568379847153695,4.03892381984932e-05,0.14708614363172,0.741022339742833,,,5.37193599249333,DISH,,,,,,,,,,,,,,,,,
0.000939862010124046,1.7854034708768e-05,0.0787544188897178,0.832712317864025,,0.842434386834598,7.86656063182839,DLR,,,,,,,,,,,,,,,,,
0.000411254134007056,5.68922538639639e-06,9.14439829191867e-10,0.95146282157169,0.0595202343290169,,3.50774465202189,DLTR,,,,,,,,,,,,,,,,,
-0.000246924822341994,3.7586336604476e-05,0.114754756171827,0.744189161332882,,,4.28961502763774,DOV,1.91327165850694,-1.91001296989754,0.912779572180342,0.0261170697174239,,-0.957599666414653,,,,0.0381603426214448,,,,,,,
0.000680878984193525,7.49529862253685e-05,0.100896386445841,0.143646769200719,0.42124271670631,,3.32745278698483,DPZ,,,,,0.344779771102111,,,,,,,,,,,,
0.00107174713514765,3.26153052221801e-05,0.156855380814582,0.662090265273993,,,7.08238159745174,DRE,,,,,,,,,,,,,,,,,
0.000715056014774231,1.32737268114936e-07,9.76289968826917e-09,0.998999947888962,,,4.54391437674927,DRI,,,,,,,,,,,,,,,,,
0.00034348322768394,1.34230596744344e-05,0.0437416097701227,0.858471885476922,,0.796517125754356,7.12146752843239,DTE,,,,,,,,,,,,,,,,,
1.50628710079233e-05,1.6629032815721e-05,0.0384309801125991,0.840008364547884,,0.8082715100805,6.12273173043977,DUK,,,,,,,,,,,,,,,,,
-0.000543904224401848,1.97448703032676e-06,1.20301165828151e-07,0.939006153589006,0.104401856549604,0.845109618113945,4.41658912441211,DVA,,,,,,,,,,,,,,,,,
-0.00126311262523469,2.55198363955901e-06,3.98901945759444e-09,0.944272106202927,0.109455718031093,,11.4817769669926,DVN,,,,,,,,,,,,,,,,,
0.000621713070616285,7.23144701592102e-05,8.86583368862446e-11,0.764940603515226,0.312762778619608,,3.51483041554069,DXCM,,,,,,,,,,,,,,,,,
0.00069590522361493,1.70570224016974e-05,2.31035654102616e-08,0.897947490840627,0.113307324959882,,4.57663196817884,EA,,,,,,,,,,,,,,,,,
0.000954437212002027,1.38270832726485e-06,2.05469031618798e-11,0.884824944553666,,,2.55035233371138,EBAY,,,,8.76927807374034e-10,0.00347269456625525,,,,,,,0.995677113867693,0.000591444054433778,,,,
0.000376816504905231,6.70248355717455e-06,0.119175934116272,0.840158902231435,,,5.23530989582386,ECL,-0.96182579667853,0.850701259011579,0.976912805536877,,,-1.02651269494824,-0.0950863100862829,0.00270184077964089,,,,,,,,,
0.00030000585936134,1.35964718904084e-05,0.0397491339227856,0.863588181275197,,0.756719133310624,6.70410609351586,ED,,,,,,,,,,,,,,,,,
0.00095918440067074,2.08250647190748e-05,1.27136278022743e-11,0.75076251870891,0.260859563495258,,4.29443296421031,EFX,0.398426096266145,-0.42799935602697,-0.06722488679957,,,,,,,,,,,,,,
0.000622275102140254,3.58721367007888e-07,0.0013924224615254,0.995866410539204,,,6.82243424765956,EIX,,,,,,,,,,,,,,,,,
0.000186278030013131,2.87846430141979e-05,0.205443215794397,0.648983811446323,,,4.33854031628455,EL,,,,,,,,,,,,,,,,,
4.49856047549356e-05,1.00519188719349e-05,0.0415725183320624,0.919296174755342,,,7.17504136661337,EMN,,,,,,,,,,,,,,,,,
-0.000518639232869894,7.05414125649823e-06,3.69691170978921e-07,0.929561700690271,0.0803181433862456,,5.06111629217199,EMR,,,,,,,,,,,,,,,,,
-0.00442851552519592,2.55841450532788e-05,0.0250825608357456,0.969031060054655,,,3.01391075060432,ENPH,,,,,,,,,,,,,,,,,
-0.000517937275772649,7.34314371903049e-06,5.86254030079651e-08,0.931635977504252,0.121160063155405,,6.09147389016839,EOG,0.864612260188388,-0.923384890030201,0.366991617509947,,,-0.373330073072503,,,,,,,,,,,
0.00131675096571033,1.59835661447969e-05,0.0907983289580911,0.841423792998412,,,5.35046287491993,EQIX,0.736227942894101,-0.777513670387165,,,,-0.0597452136424618,,,,,,,,,,,
-0.000107822415912566,1.12762834852148e-07,9.80367380086671e-07,0.998998040574703,,0.767903310476235,8.48049179517951,EQR,0.676907353627373,-0.758337333100618,,,,,,,,,,,,,,,
8.21683268968278e-05,1.4897248307185e-05,0.0565079564845407,0.84198278300403,,0.732318195042137,7.55821289803515,ES,,,,,,,,,,,,,,,,,
0.000276530221858279,2.39609577336514e-05,8.7105450484608e-09,0.775761358532684,0.148598908463875,0.806111691823148,10.6441871497626,ESS,,,,,,,,,,,,,,,,,
-0.000261145155071121,1.37197336257524e-05,0.00168584961621358,0.836748559845562,0.23384113260472,,5.45606525538671,ETN,,,,,,,,,,,,,,,,,
-0.000275658744148729,4.20951701595165e-06,0.026077139421715,0.947474373580929,,0.807822214158903,6.35542022489386,ETR,,,,,,,,,,,,,,,,,
0.00112011004345639,1.20342787725458e-05,0.310744208124337,0.229545068383194,,,2.76786131750033,EW,,,,,,,,,,,,0.979799111851576,0.00229146283277451,,,,
-0.000228438764361666,1.51045720067019e-05,0.0740640909628519,0.861345188920047,,0.847951668294171,7.2936681536226,EXC,,,,,,,,,,,,,,,,,
0.000597141407395275,1.07089385045756e-06,0.0350793314605801,0.960979106027684,,,4.0169100405716,EXPD,-0.0872726022202295,,,,,-0.0472485267291115,-0.0695260617512976,-0.0686025887146225,-0.0529770147045933,,,,,0.0942157509072084,,,
-0.000475475824503698,3.18142303134302e-05,0.00186151537226233,0.874221610412677,0.160994283167402,,3.29181368768713,EXPE,,,,,,,,,,,,,,,,,
0.00105995050251041,2.75676744634321e-05,0.0995289185691525,0.768157785135661,,,7.95739939346795,EXR,,,,,,,,,,,,,,,,,
-0.00058498428921635,0.000146393158177972,0.149838268161383,0.183451300130797,,0.774155768554851,4.92908822801948,F,1.73085056820438,-1.662989078293,0.546661672988545,0.0809157643506982,,-0.74499050893973,,,,0.112886390211093,,,,,,,
0.000352451423566038,2.40856454758241e-05,1.0933142111897e-24,0.88768658225259,0.154305392532403,,9.23246751605758,FANG,0.0990414323109856,-0.173629493272387,0.666307136247231,,,-0.619020701336314,-0.587191306358343,,,0.521544895037816,,,,,,,
1.66904936243009e-05,1.87695086014453e-07,1.03792414960234e-06,0.99899416971159,,,4.26723871851655,FAST,,,,,,,,,,,,,,,,,
0.000929773290469609,2.09243140449708e-05,0.0858115145301792,0.831229549189653,,,4.5171717332162,FB,-1.07483267856691,1.13583452273217,0.376633216002467,,,-0.385331841566824,-0.309733416715851,-0.00836948728590962,,0.136428368870147,,,,,-0.125295481407016,,
0.00017075260918422,7.92756891698018e-06,9.83288870474908e-08,0.929016549690594,0.0724233384051791,0.863914806127993,5.13421903119009,FBHS,,,,,,,,,,,,,,,,,
-0.00271674423035965,1.84035957208397e-05,0.0137693398573744,0.9312349926474,0.100270357960945,,7.33709008464635,FCX,,,,,,,,,,,,,,,,,
0.000358828067189615,8.90423721314104e-06,2.5875441670317e-09,0.880993583175134,0.149112772864099,,4.62222942279057,FDX,,,,,,,,,,,,,,,,,
-0.000252418123254774,1.08569355472222e-06,0.0168066876848024,0.999932056541067,-0.0385309886032314,,8.03919212486882,FE,,-0.0238814527985595,,,,,,,,,,,,,,,
5.08702551558039e-05,2.80509883735284e-05,0.0451382718705962,0.868901395355718,,0.8865148031329,3.01773896912875,FFIV,,,,,,,,,,,,,,,,,
0.000270957454344361,1.646365181745e-06,2.72166935649048e-07,0.974116743202883,0.212412888151342,0.910315579868291,3.48932506175921,FIS,0.652640966792152,-0.74560403452061,,0.00987438615642479,,,,,,,-0.197577895104027,,,,,,
0.000536345646362196,2.20022637204253e-05,0.0241574234338389,0.68769109427494,0.257597719471406,,9.05032860150313,FISV,,,,,,,,,,,,,,,,,
0.000680302743635496,2.46426468991816e-05,0.0873408923084077,0.734262886232069,0.211941982990668,,7.95314121254575,FITB,,,,,,,,,,,,,,,,,
-0.000181426766513875,2.71105731645697e-05,2.50038113253751e-10,0.815095922229193,0.138572706783677,,4.15027772920162,FLIR,,,,,,,,,,,,,,,,,
-0.000788396623896568,0.000283585303155928,0.141409611436026,0.0447729188115683,,,7.56481683578665,FLS,,,,,,,,,,,,,,,,,
0.000281909766408933,1.89433846290664e-05,2.41219567696296e-09,0.848451317135482,0.177153152423688,,4.020087318251,FLT,,,,,,,,,,,,,,,,,
-0.000655834766664662,2.19341462676346e-05,0.0254912701320531,0.832448751817787,0.20670997247205,,5.001262943157,FMC,,,,,,,,,,,,,,,,,
0.00125251524415291,3.06704714339e-05,0.256822788065989,0.629578886808113,,,6.39203227002653,FRC,0.0929705794793805,-0.116597035299806,-0.65234023736669,,,0.561221844092742,,,,,,,,,,,
0.000455813650947823,3.83988529579468e-05,0.0970988754761705,0.61126908146205,,,7.7578086202531,FRT,0.788862734702077,-0.837669715952298,,,,,,,,,,,,,,,
0.00108204524972299,4.79731715268309e-06,0.00933711309837707,0.981895850951683,,,3.18242562932102,FTNT,,,,,,,,,,,,,,,,,
0.000263678160570968,6.09707885648383e-06,0.0105717956407339,0.900913103749579,0.0953704094599715,,5.13165786299171,GD,,,,,,,,,,,,,,,,,
3.20582446922123e-05,1.36775425689833e-05,0.108925581208867,0.669427858570335,0.387621180252821,,4.53628922426546,GE,,,,,,,,,,,,,,,,,
0.00011615698239195,0.000101820882659206,3.31224133319694e-20,0.535245240686057,0.240405324122282,,4.61031920249008,GILD,,,,,,,,,,,,,,,,,
0.000426609527702372,4.79488417285664e-05,0.165052257144907,0.433315611644808,,,4.69420547791771,GIS,,,,,,,,,,,,,,,,,
0.000541718640885714,1.17251546533493e-05,0.0807374314636943,0.72566358092493,0.221124502586187,,7.25969278094873,GL,,,,,,,,,,,,,,,,,
0.000422718748947683,7.01269600717279e-06,0.106198232115256,0.87948286282646,,,3.80337931216358,GLW,,,,,,,,,,,,,,,,,
0.000204164762683033,8.343064668778e-05,0.150816956024158,0.554786248622287,,,4.1595795067853,GM,,,,,,,,,,,,,,,,,
0.00058304932233165,1.42208588985293e-06,0.0150121274552398,0.975739426372291,,,3.90930147638414,GOOG,0.990220908996223,-0.968679612419708,,,,-0.0616380937238866,,,,,,,,,,,
0.000386772782193046,1.26774383107083e-05,0.00909581484240992,0.853836299553329,0.188113421327055,,4.26297451006975,GOOGL,,0.0237430192844535,,,,,,,,,,,,,,,
6.17881111838292e-05,3.7964160689983e-05,0.116445371239954,0.634866423865508,,,6.59124345542382,GPC,,,,,,,,,,,,,,,,,
0.00138682843427261,1.61114310661993e-05,0.0045631911615508,0.990499009882503,,,2.10000032635583,GPN,,,,,,,,,,,,,,,,,
-0.000764416842153409,5.89159138877561e-06,0.0216525243460907,0.977347403850278,,,2.67815089430903,GPS,,,,,,,,,,,,,,,,,
5.08044599902652e-05,1.59034728953771e-07,6.34675319681789e-09,0.998999975776077,,,3.19562978921866,GRMN,,,,,,,,,,,,,,,,,
0.000820112335295249,1.15786131278635e-05,0.129111774392174,0.829944235082505,,,6.47777721457019,GS,,-0.0441753365342615,,,,,,,,,,,,,,,
9.82067390292714e-05,9.6033881974046e-06,0.0322513738827063,0.916671242779333,,,4.440256037895,GWW,0.725081241592134,-0.718495931274407,0.9754778711571,,,-0.989338722977004,,,,,,,,,,,
8.4654860803834e-05,1.74230502632469e-05,2.41709539507135e-08,0.908638543270298,0.117832296381605,,10.8325514778186,HAL,,,,,,,,,,,,,,,,,
0.000596859273887992,0.000118150712842582,0.228740367385403,0.384058303133489,0.15190407496508,,3.02838523251279,HAS,,,,,,,,,,,,,,,,,
0.000153300917143685,2.52065046135762e-05,0.0275080627990087,0.746946062158815,0.320265678370211,,7.3439955748267,HBAN,,,,,,,,,,,,,,,,,
0.000523444032044442,7.60441452192048e-05,2.40391705628307e-05,0.861602032463476,0.311930709594453,1.0280447649116,2.44631831353003,HBI,,,,0.158103773401608,,,,,,,-0.427433905920005,,,,,,
0.00053773337261519,2.57886780320016e-05,0.11144001402525,0.815815382762104,,,3.89884328246082,HCA,0.492966598733174,-0.581909778515849,,,,,,,,,,,,,,,
0.000316166331521361,1.07417328577643e-05,0.0397504822973049,0.786823368488109,0.220734361681419,,6.31485620654727,HD,0.850348940822755,-1.01057110801687,1.02732275569892,,,-0.85167237454042,-0.156120486098042,0.0192166383618227,,,,,,,,,
-0.0018067749137335,1.07276284642219e-05,1.19353678114245e-07,0.928884855244706,0.130273477862048,,6.55558681912421,HES,,,,,,,,,,,,,,,,,
0.000500465398342757,2.29275762767745e-05,0.038506449989064,0.928194711835047,,,6.25903634733719,HFC,-0.0670306458863783,,,,,-0.00591984377416257,0.0929052096940532,,,,,,,,,,
0.000551435439362244,3.38109935249265e-05,0.139551814869608,0.700664501348299,,,4.19819296242256,HIG,0.373545411787815,-0.53124379480366,,,,-0.031140163069863,,,,,,,,,,,
0.000656807873156801,4.577530723395e-05,0.155885464039375,0.675004547500735,,,4.36242155719159,HII,,,,,,,,,,,,,,,,,
0.00031747401386227,1.0482428691086e-05,0.0926346171746313,0.871638419936901,,,5.47981286487199,HLT,0.639417142249381,-0.624613303684458,1.00562074369359,,,-0.985218992058969,,,,,,,,,,,
0.000765301975275114,5.8725387198183e-05,0.159563625431696,0.660918887339682,,0.856294592269907,3.46172778766317,HOLX,,,,,,,,,,,,,,,,,
0.000385580705868612,2.22792055055054e-05,0.00769256647621074,0.683857732202122,0.323526829063691,,4.69865808573693,HON,0.78285890349544,-0.868214471133804,,,,,,,,,,,,,,,
-0.00132336684551314,7.40770768329853e-06,0.215757972091567,0.014054574098394,,0.870999664366296,3.14047571276102,HPQ,,,,0.399302854869926,,,,,,,,0.990275311570999,0.0140545703857125,,,,
0.00110170995705745,1.53229007865431e-05,0.163454280032286,0.0896629562273235,,,3.19142171343189,HRL,,,,0.666975041871846,0.00330516157707581,,,,,,,0.991055411504233,0.0171673457661803,,,,
0.000316883890383859,8.565723528663e-05,0.0360066406006772,7.20189316254463e-06,0.313159964122346,,5.24828021638181,HSIC,,,,,0.25403260494497,,,,,,,,,,,,
-0.000936973570239382,1.91268546348164e-05,0.125949919484454,0.82241845563711,,0.821074582940228,8.6693871442815,HST,,0.0955693429227005,-0.0544575239469202,,,,,,,,,,,,,,
-2.8239616756294e-05,8.12416118804894e-14,1.58414687372634e-05,0.998878588793675,,,3.75497092530331,HSY,,,,,,,,,,,,,,,,,
0.000322513395213035,5.04894822956835e-05,3.4359753240314e-11,0.670043862034974,0.657911266537444,,2.81399392560314,HUM,0.324066636733678,-0.31616570837095,0.987179553908202,,,-0.990984690362738,,,,,,,,,,,
-0.000998606869465146,0.000704720117461383,0.435308886481561,2.58883893887017e-14,,,2.97677223471584,HWM,,,,,0.0355497226742821,,,,,,,,,,,,
0.000363046577878107,1.92578537119419e-05,0.121860464199756,0.768041443361142,,,4.96993862064181,IBM,,,,,,,,,,,,,,,,,
0.000326535282053211,0.000189898715943744,0.37402329555074,0.167423455510951,,,2.74064705514248,ICE,,,,,,,,,,,,,,,,,
0.00131919984346162,6.72780274658366e-06,0.30979438080274,0.0481659391900242,,,2.54593107860433,IDXX,,,,,,,,,,,,0.987290617879887,0.00157701849896262,,,,
0.000482380089317214,2.03179865570412e-05,0.126473624178134,0.711764082261887,,,7.59303953268122,IEX,0.452537902514818,-0.48052491907072,0.869753049153824,,,-0.804687416735826,,,,,,,,,,,
0.000945759550693078,8.79788871050375e-05,0.256375315513367,0.363695042177105,,,3.57835988093598,IFF,,,,,,,,,,,,,,,,,
0.00061098813028922,0.00011330461679586,0.191207828735493,0.0120584281924637,,,3.06875033457511,ILMN,,,,,0.672816863119535,,,,,,,,,,,,
-6.7611940152154e-05,7.35232825260449e-05,0.00500621096751649,0.824524036046672,0.192407891076882,,6.50108479089678,INCY,,,,,,,,,,,,,,,,,
0.000150420756040201,8.4050943008962e-05,0.108569744146717,2.82631241677548e-16,,,4.55108622734247,INFO,0.388396146247224,-0.381580509589285,,0.389485769724737,,-0.0199663178572333,0.0142406512327246,-0.043200807118762,,,,,,,,,
0.000109378111644134,2.54710710755878e-05,0.0105185455853076,2.68106944086555e-07,0.176206820058754,,5.57063466119106,INTC,,,,,0.785621207217776,,,,,,,,,,,,
0.00088098358334108,2.01048150329402e-05,0.0855918970211295,0.811199896215476,,,4.12431566151815,INTU,,,,,,,,,,,,,,,,,
0.000241921991274263,1.30710398091582e-05,0.0414831750407444,0.902608523642778,,,5.62724067219292,IP,,,,,,,,,,,,,,,,,
0.000181643626802301,3.734720342341e-05,0.151552305373194,0.659312309639427,,0.925633779303452,5.99143309119065,IPG,-0.0413693597530392,-0.0429436183018322,,,,-0.0187286064397774,-0.0441807073811952,,,,,,,,,,
0.00124510560275394,0.000235457757725953,0.312294785843827,0.148988292239026,,,3.80151703512872,IPGP,,,,,,,,,,,,,,,,,
0.000489433243784004,4.40588868329615e-05,7.16499362993553e-07,0.265466330325928,0.365925635877468,,7.30794620369833,IQV,0.875671342680608,-0.888405429371246,1.01395158028821,,0.342594607090903,-0.999536204795971,,,,,,,,,,,
0.000769971391597932,0.000111995290381736,0.169862044151442,0.393496830352303,,,5.00325903990364,IRM,,0.0786635733667761,,,,,,,,,,,,,,,
0.000667582240904757,7.37631657449568e-05,0.19692120501031,0.450076696086558,,,3.94653366207547,ISRG,,,,,,,,,,,,,,,,,
0.000312908579628305,3.30935431244678e-05,0.0968184041861018,0.693454468169367,,,4.549762417022,IT,,,,,,,,,,,,,,,,,
0.000820710551567034,1.01487943003991e-05,0.106560056972458,0.818909906310773,,,5.13720022805984,ITW,-0.154758001307575,0.166310472752649,1.0073818284018,,,-0.957559252377075,,,,,,,,,,,
-0.000212077663592669,2.63681706172215e-05,0.0746354185440517,0.734417255526965,0.246605912916562,,6.53984893542666,IVZ,,,,,,,,,,,,,,,,,
0.000349813785314679,7.45253988377452e-05,0.101957094156812,0.62932909447375,,,5.31319183358733,J,0.0178019511607535,,,,,0.0467437781945793,,,,,,,,,,,
0.000328928109808634,2.18858443887489e-06,0.0135420279483915,0.973408622680708,,,8.8447799268579,JBHT,0.437578359077606,-0.365803958627384,,,,,,,,,,,,,,,
-0.000250708119038125,3.29508694773748e-05,0.0606204954955506,0.784554464213961,,,3.88639594902552,JCI,,,,,,,,,,,,,,,,,
0.000305741383704954,1.36692514115154e-05,0.0169381047482725,0.722641712910871,0.288279265378192,,11.8175764845302,JKHY,-0.138393060513959,0.0449690752474348,0.960990079177764,,,-0.913452545551083,,,,-0.0472088330153046,,,,,,,
0.000243205328595114,2.6359688193633e-06,5.33287609169225e-07,0.903097663326117,0.134708311625664,,5.70766198586769,JNJ,-0.538642589205113,0.494813765791588,-0.152733354357204,,,,,,,,,,,,,,
0.000943045708222462,1.6485248292562e-06,0.103701155196492,0.630652268984569,,,2.88295650451106,JNPR,,,,,,,,,,,,0.995896498225341,7.47617611388396e-06,,,,
0.000518452505549007,1.50976126022641e-05,0.0747710936312984,0.741295743332719,0.300195560299651,,4.79349034241895,JPM,,,,,,,,,,,,,,,,,
0.000418194795336175,4.73402601571697e-07,0.0174546899798155,0.999144895753583,-0.0397216836772485,,4.37848630522515,K,0.362964179301376,-0.415201655945238,0.789826866533182,,,-0.801788335690723,,,,-0.09152894709427,,,,,,,
0.000513874937927535,5.89070129189178e-05,0.193552774047865,0.625252855515802,,,7.29025451991729,KEY,,,,,,,,,,,,,,,,,
0.000220751933461325,1.84841224100511e-06,6.16915464372189e-09,0.983707796731464,0.0194420852249097,,4.34441952655872,KEYS,,,,,,,,,,,,,,,,,
0.000157782852791099,5.05722809985327e-05,0.118519581734363,0.584355458381333,,0.795020698202334,14.5128718532739,KIM,,,,,,,,,,,,,,,,,
0.000327406850734017,7.09190447584375e-06,4.16295299246826e-12,0.92619262620935,0.080693935348388,0.858802532612934,3.80324220515996,KLAC,,,,,,,,,,,,,,,,,
0.000445920999503574,1.88147833119196e-05,0.0884375886178715,0.751363135829684,,,4.41777685364433,KMB,,,,,,,,,,,,,,,,,
-0.00118631665589239,3.90419092579822e-06,0.12881435745963,0.870185642251114,,,9.93435599774511,KMI,0.105700115287408,-0.0804368905020155,0.940599212256323,,,-0.918767813670963,,,,,,,,,,,
-3.82059819924483e-05,2.318799986122e-06,2.17902076087861e-08,0.961572686500203,0.0662976178465488,,4.88128554179562,KMX,,,,,,,,,,,,,,,,,
0.000202219094926852,3.99067631531456e-05,0.240277601023817,0.311504596018501,,,5.1492408669855,KO,,,,,,,,,,,,,,,,,
0.000204361662011273,1.67735407414223e-07,0.000581086440039604,0.0494023922875284,,,2.90620382105863,KR,,,,,,,,,,,,0.999107507049025,0.000606923213567515,,,,
-0.000316885865382187,1.01309158767038e-05,0.0428391802963014,0.92854947026921,,,3.97390151369217,KSU,,,,,,,,,,,,,,,,,
7.87412186991584e-05,1.18254085817278e-05,0.0104661116492301,0.805125614272968,0.183077990873365,,8.16702149147117,L,0.590737961514539,-0.66912844273565,,,,0.00177121485243878,,,,,,,,,,,
3.30163962124213e-05,2.84783984445872e-05,0.04967042445191,0.844204833024085,,,4.7469403017294,LB,,,,,,,,,,,,,,,,,
0.00136975175948442,0.00029905847287373,0.248517061157432,2.1141759891891e-13,,,3.2873236967542,LDOS,,,,,,,,,,,,,,,,,
0.000172850615159292,3.92274228414642e-07,0.0062291419914185,0.991639712503152,,0.886595943873151,4.22816811900872,LEG,,,,,,,,,,,,,,,,,
0.000168658062902252,8.53917254599785e-06,0.0374528051156602,0.932883247107973,,,8.26127232360615,LEN,,,,,,,,,,,,,,,,,
0.000298178466555288,1.22148018738042e-05,6.82994618894657e-09,0.841664819326992,0.168172681326344,,4.84070807280415,LH,-0.0534256906613852,,,,,,,,,,,,,,,,
0.000904327645248568,6.88065281910233e-05,0.216539033265626,0.439148703831405,,,4.01289493844828,LHX,,,,,,,,,,,,,,,,,
9.92177032770979e-05,8.24912261016005e-05,0.317656587645844,0.421597218306415,,0.814662232167223,3.82251202817142,LKQ,,,,,,,,,,,,,,,,,
-0.000151134939379481,3.98970302917613e-06,0.045476767506624,0.0369581680610151,,,3.64681863507988,LLY,-0.0989429598540045,,,0.159352018191523,,,,,,,,0.98693840885348,0.0369574639014799,,,,
0.000697236389646638,6.87335129872545e-06,0.0923779006157747,9.11801104348353e-10,,,4.52658722125099,LMT,,,,,0.847644509048633,,,,,,,,,,,,
0.000342501429520918,5.24265215891081e-05,0.0612607997156323,0.713309896571081,0.209362654905315,,4.9260674939563,LNC,,,,,,,,,,,,,,,,,
0.000407759544268067,1.6993538196921e-07,0.547378901482803,0.00705629355902315,,0.848084638263572,2.40048933200569,LNT,,,,,,,,,,,,0.99978206734255,0.00079898676079811,,,,
0.000437851493505717,2.08149580441956e-05,0.108656365613226,0.779776189026362,,,5.46094103724092,LOW,,,,,,,,,,,,,,,,,
0.00126848538451107,1.54275096804334e-05,8.37742092719799e-08,0.897540145669382,0.104273896957328,,4.63829691001751,LRCX,,,,,,,,,,,,,,,,,
-0.000686033904765023,4.90917709480434e-05,0.169693855323154,0.701789963138764,,,3.97401844806282,LUMN,,,,,,,,,,,,,,,,,
-2.81030074184155e-05,4.95803737611256e-05,0.0638928242932499,0.84410650128024,,,3.92843506975074,LVS,0.0157488293900904,,,,,-0.0381438536350959,-0.0423599993300568,,,,,,,,,,
0.000244305455365113,4.41353957465375e-06,2.23798823430348e-10,0.950728947239909,0.0712669728899003,,6.94501500199347,LYB,0.898332098474802,-0.963085360200733,0.286942763389285,,,-0.296352324965971,,,,,,,,,,,
0.00012815648053771,4.42773393074669e-05,0.0966746157025624,0.710367736859114,,,6.37570059367458,LYV,,,,,,,,,,,,,,,,,
0.000509747928065467,1.23766584270069e-05,3.21660830192026e-07,0.817566141823035,0.205309977737511,,7.1582017212177,MA,-0.108754205012398,,,,,-0.0735598676286592,,,,,,,,,,,
0.000642367496560772,0.000109228690917235,1.13785811776828e-12,0.27541862126506,0.172330470061018,0.835322348760296,10.1285640743838,MAA,0.041361542596867,,,,,,,,,,,,,,,,
7.20140963003618e-05,4.73778075296381e-05,0.123174155109873,0.644653518405825,,,4.53450423864125,MAR,,,,0.0720128332569779,,,,,,,,,,,,,
0.000112251986995341,1.93553076143103e-05,1.18426178628857e-07,0.876553241708844,0.115170092694246,0.835057941843113,4.58828098387379,MAS,,,,,,,,,,,,,,,,,
0.000548048834762364,3.53293590913774e-05,0.00833116088507282,0.446581876605464,0.542867253249983,,5.51758311255506,MCD,,,,,,,,,,,,,,,,,
0.000343582879616409,3.74578004527068e-05,4.75954332515155e-12,0.777338573833998,0.181054019315973,,5.01308715269775,MCHP,,,,,,,,,,,,,,,,,
-0.000646941740901314,5.6891329941865e-05,0.376758654025026,0.525904496010843,,0.86472001059512,3.43512463320812,MCK,,-0.0844579343219078,,,,,,,,,,,,,,,
0.000249302937511419,1.80358073758002e-05,0.020484234457083,0.79957617408193,0.205929997418319,,4.24425006678396,MCO,,,,,,,,,,,,,,,,,
0.000792742396114186,8.05608181388322e-06,0.161816204640209,0.592063522491073,,1.05030401381805,3.91056483539186,MDLZ,-1.21506902615058,1.06250404067669,0.322019289919708,0.0198306401672895,,-0.487161569934054,,,,,,0.978753633438551,0.0732865043158276,,,,
7.4212071570296e-05,3.46560502106234e-05,0.033553859605062,0.624100479845917,0.275091677098621,,4.78603515087755,MDT,,,,,,,,,,,,,,,,,
0.000734998730885464,0.000105137399122163,0.282301431169386,0.404460469927897,,,5.155391681118,MET,,,,,,,,,,,,,,,,,
0.0008430243977424,6.94481982153333e-06,1.48593979390726e-05,0.947996599699562,0.0705665928399186,,5.52790248018625,MGM,,,,,,,,,,,,,,,,,
0.000572040932797563,1.83650406506834e-05,7.86435150825826e-08,0.85916414905,0.148140069183903,,3.72763507214966,MHK,,,,,,,,,,,,,,,,,
0.000599648363348642,2.53205317957051e-05,0.171438127550476,0.627116077291205,,,5.753899452594,MKC,,,,,,,,,,,,,,,,,
0.00116232344933147,7.33253243460744e-06,0.0374107575056997,0.936842934730688,,,6.49432131694757,MKTX,,,,,,,,,,,,,,,,,
0.000621746301606566,7.90944012522769e-06,2.57013513204991e-08,0.944872455917369,0.0801830793636683,,4.4996636556539,MLM,0.0310463300885453,,,,,-0.0792787098859704,0.0375740753229944,,,,,,,,,,
0.00031354368718098,8.38429397760423e-06,0.0148623387108025,0.78323693265199,0.268211058355496,,5.42719958649423,MMC,,,,,,,,,,,,,,,,,
0.000384494217033998,5.29374237927682e-06,0.122890710994922,0.845171261350973,,,3.85310424200481,MMM,0.302196598762857,-0.440145176376433,1.02995161891723,,,-0.969497612842098,,,,-0.107892714715949,,,,,,,
0.000120926088324379,7.242150307235e-05,0.00105713289686105,0.857246178417905,,,2.55178489465544,MNST,,,,,,,,,,,,,,,,,
0.001040106743962,5.60734573543596e-07,0.0291234784095877,0.967629148880909,,,4.60545366923735,MO,,,,,,,,,,,,,,,,,
-0.000768066755166471,2.49215306220529e-06,0.0690432190628798,0.929956714463514,,,9.33985601720932,MOS,-1.02276000805673,1.03222085861306,0.961416623540873,,,-0.977595509054497,,,,,,,,,,,
0.000341447150233289,7.95464507016532e-05,0.0247086651113484,0.876225185973324,0.364956737232737,0.873084317443869,3.28562817955381,MPC,,,,0.0025923088576401,,,,,,,-0.345828068300142,,,,,,
0.000437693125469878,4.03115107223847e-05,0.0947371674230707,0.758397404331104,,,5.29806045431088,MPWR,0.0152634948548626,-0.0340941688188499,-0.998066880298739,,,0.929337885949017,,,,,,,,,,,
9.41930214943092e-05,1.30847348626064e-05,2.39462980287172e-11,0.828809773018772,0.191460420942141,,4.90291817458495,MRK,0.862367619091656,-0.955078488023141,,,,-0.00776071686051536,0.0677499651285553,,,,,,,,,,
-0.0017725262289412,5.13673897864334e-06,1.07682591281658e-08,0.951781138379456,0.0944376918969408,,7.15984840784257,MRO,,,,,,,,,,,,,,,,,
0.000298388949213974,1.95776013272165e-05,0.0372837530057843,0.826400158611249,0.16223535612744,,5.66669636842999,MS,,,,,,,,,,,,,,,,,
0.00119724649598855,3.02922872211767e-05,0.216264066855234,0.623600384987262,,,6.61969009221821,MSCI,,,,,,,,,,,,,,,,,
0.00022387318879078,5.1308215625598e-05,0.0220067192264125,0.680777764279084,0.334462151697936,,3.13685999496872,MSFT,,,,,,,,,,,,,,,,,
0.000261603766469932,3.7821673136375e-05,0.133387839571545,0.662234363449615,,,3.49112820770441,MSI,,,,,,,,,,,,,,,,,
0.000143202496774097,1.56994913846641e-05,0.067795646424268,0.779315670369939,0.196444347670538,0.84998171531831,5.38097712630446,MTB,-0.0476916839011583,,,,,-0.0921688325760287,,,,,,,,,,,
0.00053582923316058,3.67252661061188e-06,5.9722551991996e-07,0.949640419751265,0.056625847767534,0.803103061726794,6.3086033283499,MTD,,-0.129240951659209,-0.147282334643872,,,,,,,,,,,,,,
-0.000928181256222002,3.46552990754744e-06,0.032690752856463,0.966309234015885,,,3.84428782959121,MU,0.546102134225829,-0.486168649403318,-0.170991853128443,,,0.161704012002237,-0.0396501011268816,-0.0197175627144173,0.0422326773278804,,,,,-0.0624840461928149,,0.140849712694002,-0.111122711334405
-0.000224960064106894,7.86527777767671e-06,0.00936443961683002,0.924134772272138,0.0945334632679088,0.930752368648703,3.40960838482775,MXIM,,,,,,,,,,,,,,,,,
0.000150503974592286,5.79081888767392e-05,0.122138689846359,0.787322909313049,,,4.01198376319156,NCLH,,,,,,,,,,,,,,,,,
0.000101720687660318,9.44368542181709e-07,1.10715329305867e-08,0.938491291034177,0.121017367142405,,9.24070883458535,NDAQ,-0.949944219296601,0.950323892405333,-0.0381648932438283,,,,,,,,,,,,,,
0.000629625280966433,1.28240890245331e-07,5.93703714886389e-08,0.998999911165231,,,4.55083816480332,NEE,,,,,,,,,,,,,,,,,
0.00136816052485317,6.91723149514695e-06,0.0249295212815508,0.969461946164255,,,4.59532598252454,NEM,,,,,,,,,,,,,,,,,
2.59033164303017e-05,1.4507271468111e-07,0.532105393766546,0.000365417521947796,,,2.12377919136452,NFLX,,,,,0.0159077650985343,,,,,,,0.999981775879807,0.0142078242516537,,,,
0.000366713892077725,2.07777807399612e-05,0.000472264025232323,0.77871695876374,,0.892244208638722,3.165374413555,NI,,,,,0.1380873483696,,,,,,,,,,,,
-0.0001138089045218,1.46559578884772e-05,0.00380501159997125,0.948034721051845,,,2.71370132341907,NKE,,,,,,,,,,,,,,,,,
0.000469171584926924,9.2904849636228e-05,0.306494598790529,5.5080964190347e-10,,,2.90670180764683,NLOK,,,,,0.48711685201076,,,,,,,,,,,,
0.000304824860722621,5.16163566177934e-05,0.254984557276934,0.508818423392272,,,4.02209035277989,NLSN,,,,,,,,,,,,,,,,,
0.000741983353588398,1.04646345333397e-06,0.0264597454916892,0.966893623974538,,,3.87117051650019,NOC,1.6376365242221,-1.67996605054834,0.761522540875839,,,-0.660601786878042,-0.072976676835446,,,,,,,,,,
-0.00128083640018313,1.34308106151881e-05,0.025368110300341,0.95336354460713,,,5.77396563388475,NOV,,,,,,,,,,,,,,,,,
0.00132363367724548,8.77004212291671e-05,0.0512100657125408,0.810420738878073,,,3.12328306804188,NOW,,,,,,,,,,,,,,,,,
-0.00203264286359775,1.28494634718382e-05,0.0527378748783704,0.936301819773295,,0.820894447862482,6.14863738953953,NRG,,,,,,,,,,,,,,,,,
-2.46334376815873e-06,1.11001698966757e-06,0.0017843976265272,0.968938803558497,0.0565533889212268,,3.72129485967809,NSC,,,,,,,,,,,,,,,,,
-0.000221307920388758,1.52158173383243e-06,0.272068597703898,0.226725336262097,,,3.79274673488246,NTAP,,,,,,,,,,,,0.996047882216195,0.000152563117013058,,,,
0.000343510131912438,2.25242902899636e-05,0.0768320008653499,0.739796974097151,0.256897605340067,,4.29072065606242,NTRS,,,,,,,,,,,,,,,,,
0.000118701194630327,3.44370548986668e-07,1.58899617190516e-10,0.998999979716148,,,6.33310856589804,NUE,0.379863432807959,-0.419098049924417,0.835822601871467,,,-0.781365944096755,,,,,,,,,,,
0.00219624070709359,0.00024786759447311,0.0447773446909252,0.449018516711692,0.35685384781585,,2.91003550837102,NVDA,,,,,,,,,,,,,,,,,
0.000522465331645458,1.65521971750016e-05,0.148102876061466,0.729249334820828,,,6.92929062121722,NVR,,,,,,,,,,,,,,,,,
0.000655965999966197,5.10568668727419e-05,0.429932180134767,0.428764319404848,,,5.78635766393833,NWL,,0.00701567331677161,-0.0909128977389136,,,,,,,,,,,,,,
-0.000176751146965935,3.6607482662574e-05,0.169172186566183,0.72682410390567,,,4.94963182319157,NWS,,,,,,,,,,,,,,,,,
-0.000116329304526709,4.67043511332731e-05,0.165004237558598,0.708814237904177,,,4.525303767117,NWSA,,,,,,,,,,,,,,,,,
0.000487452171714559,0.000109462376582771,0.141245199029461,0.284987937246017,,0.771560106884302,5.61884194676664,O,,,,,,,,,,,,,,,,,
0.000441244963955352,4.62382933699154e-05,0.154334376536967,0.67660010557209,,,5.12260580799738,ODFL,,,,,,,,,,,,,,,,,
0.000212135116843624,4.65988246567191e-06,1.82284538200904e-10,0.947738178981899,0.0891374850514204,,7.6943868422795,OKE,0.355531489855536,-0.35152986884428,0.974817062640285,,,-0.97870225820256,0.034320365367311,-0.0526565358792387,0.000877325741326369,,,,,,,,
0.000203523933340076,1.24944454677402e-05,0.114719530106475,0.786337577291238,,,21.6205288768389,OMC,,,,,,,,,,,,,,,,,
-2.20530851463437e-05,3.94489918537592e-05,0.278648951731393,0.559845938901039,,,3.82186820236443,ORCL,0.00540357381015962,-0.117334087171014,,,,,,,,,,,,,,,
0.000926859811628568,7.78544523079214e-06,2.9423378249131e-08,0.914150642325959,0.0909565681764131,,3.73899910650029,ORLY,0.744964867635068,-0.849723410993564,,,,,,,,,,,,,,,
-0.000425312449129434,2.04717532844177e-06,2.26684607496559e-08,0.953730047784074,0.0801241309362531,,6.95430713172239,OXY,,,,,,,,,,,,,,,,,
0.00226419027949317,4.67147582015573e-06,0.265218189165137,0.0289317703588033,,,3.14120975274264,PAYC,,,,,,,,,,,,0.99839078875353,0.0289317694284172,,,,
0.000655180588183793,1.80250723158584e-05,4.10035254796484e-09,0.74723812156942,0.269447858108635,,4.01474690612993,PAYX,,,,,,,,,,,,,,,,,
0.000504452627072983,2.25416331442633e-05,0.253168058987296,0.631613528807754,,0.809500366011319,7.18503440289199,PBCT,,,,,,,,,,,,,,,,,
-0.000157964609028986,5.00039601800493e-05,0.118316812454022,0.709270434182195,,,3.95114223350753,PCAR,,,,,,,,,,,,,,,,,
-0.000616657074156046,1.9179481890375e-05,0.0674100258385364,0.868624249429404,,0.724674044947778,4.24320654538405,PEAK,0.041007582817341,,,,,,,,,,,,,,,,
5.32537727003855e-05,5.17887705431988e-06,0.0212014997471937,0.947424466314883,,0.831815861623236,8.09703492108191,PEG,-0.096284165668242,,,,,-0.00211642027834496,,,,,,,,,,,
0.000417760517536177,2.87901239612197e-05,0.247080566319193,0.424870852837262,,,6.62230022399246,PEP,,,,,,,,,,,,,,,,,
-0.000335769094069546,1.86486597353231e-05,0.101972922113288,0.653399675280073,0.304821207808017,,6.6370669105075,PFE,-0.734203398138636,0.776721666495872,,,,,,,,,,,,,,,
0.000858121317161457,1.72551304881131e-05,8.54227648592238e-10,0.881136455266858,0.0978122863072159,,5.49619804511782,PFG,,,,,,,,,,,,,,,,,
3.32135133934718e-05,2.80947832094488e-05,0.196358221032712,0.528206296540355,,,5.1112818081031,PG,,,,,,,,,,,,,,,,,
0.00044837492565211,3.50780480853579e-05,0.226918787678743,0.478154482207265,,,10.1983717364337,PGR,,,,,,,,,,,,,,,,,
-3.08671994578933e-05,2.08386868322686e-05,0.133205960150429,0.782347856771448,,0.943583286391776,4.60115194648426,PH,-0.1363416625672,0.132613402725347,1.00334379328592,,,-0.969741182270363,,,,,,,,,,,
0.000132623799413873,7.50380253754109e-05,0.104519420097655,0.686291455041416,,,6.06133397932543,PHM,,,,,,,,,,,,,,,,,
0.00109274665547087,2.80388335076081e-06,0.0102932303199821,0.981672672549461,,,3.38256522419954,PKG,,,,,,,,,,,,,,,,,
0.00049108276657248,5.94839360267129e-06,7.55376887329946e-08,0.915671429610379,0.0999976179435968,,6.1187791041864,PKI,,,,,,,,,,,,,,,,,
0.000548991363094105,3.46252613756049e-05,2.8414100055843e-13,0.704630859812842,0.194120173590316,0.833633810192358,7.03302203046287,PLD,,,,,,,,,,,,,,,,,
0.000409049398225635,1.56297918210073e-07,0.00293713809527172,0.995480112893963,,,4.10242407985318,PM,,,,,,,,,,,,,,,,,
0.000563925640540482,1.80826272085197e-05,0.0606430106743786,0.740685637030615,0.228130981967559,,6.43197095197187,PNC,-0.401630048948005,0.317805596843583,-0.56930139395722,,,0.519902072759157,,,,,,,,,,,
-0.000190017725459409,2.59020696637784e-06,0.0251588315280819,0.966273340408007,,,7.56967384880074,PNR,,,,,,,,,,,,,,,,,
0.000284958580597492,1.88009973497294e-07,0.000226598419176846,0.998192849598995,,0.777943730138293,9.43815531359346,PNW,,,,,,,,,,,,,,,,,
0.000823491537773668,1.9249502016795e-06,0.00839704252644518,0.978912850903957,,,4.7188826375587,POOL,,,,,,,,,,,,,,,,,
0.000162269092072147,8.71197084335126e-07,0.184279416795398,0.000951063665419707,,,3.58198985800689,PPG,,,,,,,,,,,,0.993958528009974,0.000951002462145374,,,,
7.36611581547175e-05,1.11032508812719e-07,0.00107136062651314,0.997774161604588,,0.779810522321288,6.45062256318522,PPL,,,,,,,,,,,,,,,,,
0.000296034489709737,1.14141761270435e-06,2.17030099697241e-08,0.998999811298772,,,2.70932463564528,PRGO,,,,,,,,,,,,,,,,,
0.000256614830495218,4.17418147045652e-05,0.0412719546093376,0.708964132028395,0.249373248325414,,5.54125259159019,PRU,,,,,,,,,,,,,,,,,
0.00084347862035148,2.63527289074544e-05,0.120983784801437,0.719798978846758,,,6.62485009260941,PSA,,,,,,,,,,,,,,,,,
-4.15785623516761e-05,1.08822950127702e-05,0.031673485919616,0.856977036206631,0.144206024470152,0.857494205974897,10.2642273770273,PSX,0.339290535409789,-0.404743948819952,1.02861004100489,,,-0.956620609494906,-0.0140109070699887,,,,,,,,,,
6.74777789207547e-05,0.000119057021598838,0.182834298716977,0.590886265963087,,,3.43759770419711,PVH,,,,,,,,,,,,,,,,,
0.00120153533817435,1.17256265148013e-05,0.00487136774696352,0.962320225833988,,0.909195947016426,3.44710678853261,PWR,,,,,,,,,,,,,,,,,
4.33656011285514e-05,4.25954647255121e-06,4.04609163791555e-09,0.958023454800746,0.0691512984519646,,6.203181308357,PXD,-0.0431716877478811,,,,,-0.1023825753586,,,,,,,,,,,
6.42717582234041e-06,5.63743730703629e-05,0.135793135766072,0.740875899939005,,,2.93418882694378,QCOM,,,,,,,,,,,,,,,,,
0.000146515044043703,8.30953386750692e-05,1.10150991771068e-10,0.752276192707936,0.18184040879891,,4.01512216828797,RCL,-0.505017329672194,0.534250282062785,0.912127382113008,,,-0.923659760005545,,,,,,,,,,,
0.000258985694587401,2.43709580070766e-05,0.0344231723045403,0.631607857555482,0.230610386592508,0.953165547407084,5.47822158980432,RE,,,,,,,,,,,,,,,,,
0.000452880681834903,4.45473926392715e-05,0.09835826218348,0.601330624509082,,,7.92680509749289,REG,0.82431903587954,-0.862174609735735,,,,,,,,,,,,,,,
-0.00100035681362944,3.20770822341667e-05,0.0157032037184484,0.869745030409265,0.128994542075416,,5.95295264112668,REGN,,,,,,,,,,,,,,,,,
0.000901943494069676,3.61311476161485e-05,0.187809763369712,0.721090151435808,,,9.31735031935825,RF,,,,,,,,,,,,,,,,,
0.000150172622468365,0.000110284641789011,0.12290773361565,0.497926858702638,,0.826724743338099,4.12820931842307,RHI,,,,1.45117395124265e-06,,,,,,,,,,,,,
0.000401157397612882,1.50649101089751e-05,0.0367908003068376,0.82582374691618,0.186861492934151,,5.49463997498428,RJF,,,,,,,,,,,,,,,,,
-0.00133949719103191,2.31797863663199e-06,9.91319049722056e-07,0.997391404878327,,,2.50922725996724,RL,,,,,,,,,,,,,,,,,
0.00116107657681899,1.61400271816461e-07,0.339019977636817,0.128317537222285,,,3.38152558177204,RMD,1.26445792407024,-1.26131219916627,0.913934063320507,,,-0.925754077111822,,,,,,0.999421976030354,0.000825667714933942,,,,
0.000142551428196287,3.02742031254334e-05,0.131773900684003,0.736010820777584,,,5.48852290032287,ROK,,,,,,,,,,,,,,,,,
0.000599209027527691,0.000115375792872958,0.442018735579335,0.0959505314779274,,,3.41690040277296,ROL,,,,,,,,,,,,,,,,,
0.000610249608733066,4.57704252312165e-05,0.144223930880686,0.558247699076801,,,4.88905746882744,ROP,,,,,,,,,,,,,,,,,
0.000627567174703602,7.69797342329845e-08,0.00316547200421835,0.995834038422696,,,2.14578608973597,ROST,,,,,,,,,,,,,,,,,
0.00061689646798564,3.29587857450043e-05,0.206046699698499,0.438911451492361,,0.809971848106854,5.91812040245288,RSG,,-0.114305090894701,,,,,,,,,,,,,,,
9.4789482846364e-05,3.53745984003248e-05,0.217871970159431,0.56632599551046,,,4.00656730995024,RTX,,,,,,,,,,,,,,,,,
0.000322199184159147,1.70539291962952e-05,0.0668838387272261,0.884090642430651,,,3.40122048838949,SBAC,,,,,,,,,,,,,,,,,
0.000939219473744904,3.72250796837633e-05,0.119112497863962,0.795867233411066,-0.119487783939524,,3.27282019666615,SBUX,,,,,,,,,,,,,,,,,
0.000770730713860234,2.88756182352282e-05,0.0309319351904557,0.817489082415455,0.173309565930029,,5.14845254190275,SCHW,,,,,,,,,,,,,,,,,
0.000179220406467391,4.26579065590817e-05,0.0830004942200007,0.752229053442477,,,4.65889269132001,SEE,-0.784008065797268,0.717891090627883,,,,-0.0785996383566987,,,,,,,,,,,
3.62431002146709e-05,9.73454258000375e-06,0.0885790073526214,0.871161608667645,,0.917217135687133,4.17728469262828,SHW,,,,,,,,,,,,,,,,,
0.001200514661309,6.66107751546888e-05,0.128911453392938,0.759600113342368,,,4.82166369833784,SIVB,,,,,,,,,,,,,,,,,
0.000616223270725214,9.97824355475361e-08,1.54754172288234e-05,0.998976533079988,,,3.49062529857718,SJM,,,,,,,,,,,,,,,,,
-0.000477873047471561,7.29754950632491e-07,5.64775880957647e-09,0.964211790150812,0.069576395220901,,7.72508041899976,SLB,,,,,,,,,,,,,,,,,
0.000422794637321361,1.61931970564508e-05,0.145803515859523,0.782542642492941,,,7.38469196040993,SLG,,,,,,,,,,,,,,,,,
0.000391477691716779,9.86494200293529e-06,4.40562145497783e-10,0.854445429330915,0.172827222536728,,5.60221475012024,SNA,0.448442677151378,-0.461983187284415,1.00695502543124,,,-0.97639973154309,,,,,,,,,,,
0.00105015054773351,2.01049738336941e-05,2.08463855510627e-10,0.7862036374967,0.11031420286801,,4.48364038569386,SNPS,,,,,,,,,,,,,,,,,
0.00019534405571103,9.2156134577139e-06,0.0496114502516642,0.866502254469474,,0.81884131808478,6.09379632934864,SO,,,,,,,,,,,,,,,,,
0.000208646921857727,3.01406366195074e-05,0.08989253637669,0.708602647725732,,0.775752216870634,6.34991951720797,SPG,-0.933327122785159,0.901042191043327,,,,,,,,,,,,,,,
6.45787628295027e-05,1.50201204041992e-05,0.0239883654359025,0.829012819518633,0.191576365226634,,4.43386813250486,SPGI,,,,,,,,,,,,,,,,,
-0.000171605928641152,1.47587970804265e-05,0.0714937936060935,0.833910605523079,,0.822783719781061,6.67738585394057,SRE,,,,,,,,,,,,,,,,,
0.000291635682382475,4.13232347667288e-05,0.15888595914923,0.650278438984478,,,6.02395257216119,STE,,,,,,,,,,,,,,,,,
0.000699994067175374,3.4106765933655e-05,0.191547711180446,0.721885672016505,,,4.17806980957612,STT,,,,,,,,,,,,,,,,,
-0.00148262381349268,5.39937378136241e-05,0.0800395017182025,0.868977191658066,,0.792707810885905,3.41052033331234,STX,,0.0609840561371106,,,,,,,,,,,,,,,
0.000990624236340442,2.66899216072822e-05,0.101135119227196,0.763187833607717,,,4.07357740246141,STZ,0.747079494570845,-0.892764826659995,,,,0.0723749254805242,,,,,,,,,,,
0.000197219150761556,1.47715319167694e-05,2.47595462578066e-08,0.782653059495369,0.30747650960208,,3.63944026647965,SWK,0.415947696331244,-0.445852005986282,0.976632817745985,,,-0.926689746650531,,,,,,,,,,,
0.000627903120366248,2.94863159861351e-05,2.13230251460379e-07,0.888068952221465,0.128925786747344,,4.54767633089733,SWKS,,,,,,,,,,,,,,,,,
0.000490574714471183,2.47096913942919e-05,0.108398783734494,0.808605678306533,,,4.94042643519142,SYF,,,,,,,,,,,,,,,,,
0.00062920719173696,1.33198780349543e-05,0.0626515741883239,0.845789432064694,,0.805663725839725,5.08284313439338,SYK,0.67473852953687,-0.750233455171568,-0.0357548751676615,,,,,,,,,,,,,,
0.00023043097211034,3.62344942302117e-07,0.000814824305812318,0.994639549473014,,,3.44530107707266,SYY,,,,,,,,,,,,,,,,,
0.000660994372893293,4.04110945886076e-05,0.132996622845543,0.443320207952749,,,6.8090060207511,T,-0.973535662154152,0.992239659724591,,,,,,,,,,,,,,,
-0.000167642728514611,0.000142343269956251,0.0950727483987611,0.130766657249105,0.344139877622121,,4.30559940450206,TAP,,,,,,,,,,,,,,,,,
0.000976069389993928,3.6834745386498e-05,3.33842573268107e-09,0.721790286518518,0.33028212917337,,2.9985180477822,TDG,0.719907698264218,-0.816721774661134,,,,,,,,,,,,,,,
0.000650021153955061,2.888014666175e-05,0.13275596665352,0.718701484665643,,,6.00490624212535,TDY,,,,,,,,,,,,,,,,,
0.000621233513945527,2.30717491079811e-05,0.0956389816974723,0.781532247835609,,,4.82110400424302,TEL,,,,,,,,,,,,,,,,,
0.000519087172350793,9.41305072963281e-05,0.0599740808038009,0.558449930943132,0.115174928082453,0.951471496898506,4.55922632571463,TER,,,,,,,,,,,,,,,,,
0.000486273431775436,1.96594554177708e-05,0.064963411159233,0.739142151955676,0.196860845491727,,8.54328274839011,TFC,-0.0464141284364454,,,,,-0.0832989508373934,,,,,,,,,,,
0.00124765899677935,8.84880051106826e-06,0.0409886222580899,0.909780265458259,,,3.75403699089885,TFX,,,,,,,,,,,,,,,,,
-0.000122548877176374,3.79709161573241e-05,0.0488974186515226,0.719200948211697,0.0671776279880288,0.814285989193052,4.33583399930919,TGT,,,,,,,,,,,,,,,,,
0.000362985903627194,3.35780850887297e-05,0.103443106862228,0.684516197365312,,,5.42295309356908,TJX,0.605506734230888,-0.75125189320905,,,,,,,,,,,,,,,
0.000388715607552127,1.18650281242388e-05,0.0977089250327452,0.839180929384784,,,5.3207121315719,TMO,-0.113125331858708,,,,,,,,,,,,,,,,
0.00168238890238178,2.26850416668995e-05,0.0795552301403108,0.851799711086139,,,3.90276047387168,TMUS,0.674983623143199,-0.726247174997019,-0.0520725714732546,,,,,,,,,,,,,,
-3.63085929767195e-05,6.26809373901912e-05,0.122880538297182,0.695753327542002,,,6.00131127487652,TPR,,,,,,,,,,,,,,,,,
-3.83204626206461e-05,1.05054267809208e-05,0.0197100739727885,0.949651579731835,,,3.38969612467206,TRMB,,,,,,,,,,,,,,,,,
-0.000519050407302888,3.14076731098173e-05,0.164367096904715,0.666433255270213,,,5.02442609113138,TROW,,,,,,,,,,,,,,,,,
0.000495669656061879,3.28486927367653e-05,0.143545755135447,0.437458907889849,0.467121531826041,,4.64038767738152,TRV,,,,,,,,,,,,,,,,,
0.000556459446780527,2.11915887060093e-08,5.17196905417861e-13,0.998999990168677,,,5.07206536431091,TSCO,,,,,,,,,,,,,,,,,
0.000344869307359157,1.57275499278772e-05,1.88344901846713e-08,0.941878326556472,0.0606824687392263,,4.9839198908557,TSLA,,,,,,,,,,,,,,,,,
0.000653168723134413,7.30649133126205e-05,0.144939477961549,0.623753041673359,,0.815408586485546,3.53533107388306,TSN,,,,,,,,,,,,,,,,,
0.000592756488695253,1.79975785392183e-05,0.130074722650349,0.78998820878234,,,4.97312516968422,TT,,,,,,,,,,,,,,,,,
0.000488547402324039,3.91129691906828e-07,5.27961766851388e-09,0.998999992456288,,,4.14832309543876,TTWO,,-0.0873296401636117,,,,,,,,,,,,,,,
-0.000650300643119186,2.67208669491038e-06,0.158596214775551,0.650542225770765,,,2.705778674441,TWTR,-0.858674812936818,0.825475496071857,,,,,,,,,,0.998615303929634,4.11794393508092e-05,,,,
0.00083918402895183,7.61524680955584e-06,1.63834634568005e-10,0.921983839229029,0.0949380432540909,,3.83635470047294,TXN,,,,,,,,,,,,,,,,,
9.53546582940023e-05,2.1422306385727e-05,0.00692994229229991,0.840173693932735,0.168118523602844,,3.94003931304964,TXT,,,,,,,,,,,,,,,,,
0.000627719563963918,9.22656059511048e-06,0.0610602567906656,0.908377202603922,,0.851329569543994,4.85157022458724,TYL,,,,,,,,,,,,,,,,,
3.38302372123028e-05,8.61946344021926e-05,0.0208556708245312,0.849543164304432,-0.0221311065207638,0.951958896765937,3.09364984033812,UAA,,0.0839987136656596,,,,,,,,,,,,,,,
0.000794674546624624,8.36209860303968e-05,0.0587677169456721,0.793236599301687,,,5.44376979025194,UAL,,0.0665308899675062,,,,,,,,,,,,,,,
0.000471016557557951,3.50529823257406e-05,0.14013900275397,0.659483599056287,,0.792114092138185,15.4157039715988,UDR,,,,,,,,,,,,,,,,,
0.000902702096045223,6.00018246832105e-06,3.68017008994751e-08,0.959603186407863,0.0409681717157082,,3.66990886411345,UHS,,-0.170853832446985,-0.0990879523814224,,,,,,,,,,,,,,
0.000850678068078978,3.21495271215026e-05,3.68243718024529e-09,0.772427664919193,0.3015515157093,,3.4307947466263,ULTA,,,,,,,,,,,,,,,,,
0.000693301884017565,1.10617657395141e-06,0.0104550703783932,0.953408596383762,0.0694785955734926,,5.29593971455337,UNH,0.787138675326663,-0.871033975532306,,,,,,,,,,,,,,,
0.00064032106853691,1.27187054654094e-05,0.0184195004840577,0.869858004374808,0.118328045044324,,5.86543392057303,UNM,,,,,,,,,,,,,,,,,
-0.000161915382480084,4.7125568294806e-13,0.000266166293228907,0.975600386572664,0.0455270706743404,,5.02441892954475,UNP,0.679603607550898,-0.68096135028584,0.996131241561439,,,-0.9858952684708,,,,,,,,,,,
0.000276674244457174,1.01123701548474e-07,0.15770608960068,0.657269335711071,,,4.13995009916046,UPS,,,,,,,,,,,,0.998970675227949,0.0108906567204055,,,,
0.000848202089760027,1.54180028029529e-05,1.34671851122392e-07,0.944610076114358,0.0664494889856343,,3.79319736978425,URI,-0.00596302475465853,,,,,0.00507787541807795,0.052408376079886,,,,,,,,,,
0.000159045110810204,1.01381551435978e-05,0.0227088075332104,0.813965341586923,0.217624756286498,,6.36603077286062,USB,,,,,,,,,,,,,,,,,
4.71595752724613e-05,0.000121914107634725,6.14333086691631e-22,0.767943004493325,,0.918670656317593,2.84394845237395,V,,,,0.0947310274199906,,,,,,,,0.876409511058321,0.42137382006869,,,,
0.000527637078439439,3.24411646973963e-07,8.85688665588395e-06,0.982805492960154,0.0292843801296684,,3.4240308974146,VAR,,,,,,,,,,,,,,,,,
-0.00100727810784734,2.37520764184059e-05,0.152846579629871,0.76791052943151,,0.850593770985608,4.4744914878606,VFC,,,,,,,,,,,,,,,,,
0.0001218775738615,5.49564476835795e-06,2.10273244592005e-09,0.932358286353648,0.0889908725850935,,9.67198422540336,VIAC,,,,,,,,,,,,,,,,,
0.0013906914077246,2.59089098156052e-05,0.0577763655485326,0.878314818613909,,,5.70769027716687,VLO,0.816962529038169,-0.864426763174158,0.726285423113034,,,-0.697991264973501,,,,,,,,,,,
0.00116434022209238,1.70161456124309e-05,0.101236806810224,0.847482844205757,,,4.64309450195921,VMC,-0.00495848141008651,,,,,-0.0524984567748718,,,,,,,,,,,
0.000351785332768627,3.3684635827797e-05,0.097840042496217,0.71497956634246,,,5.43482575437831,VNO,,,,,,,,,,,,,,,,,
0.000563040338087356,1.1038404955128e-07,0.397986460041432,0.203672634261291,,,3.55085690510792,VRSK,,,,,,,,,,,,0.999496149034329,0.0322466642934677,,,,
0.000624693123664403,4.58607903258515e-05,0.13697358677058,0.683095605180069,,,3.85492531202383,VRSN,,,,,,,,,,,,,,,,,
-0.00028392135229781,2.1722345199416e-05,0.0390927464940351,0.929399891875865,,,7.43902168665141,VRTX,0.284915676255037,-0.266201898942238,0.898744492380315,,,-0.811922655959823,,,,,,,,,,,
6.72318518368645e-05,2.29091503955393e-05,0.0587695675520412,0.852530669804825,,0.7605413889933,3.85532335626728,VTR,,,,,,,,,,,,,,,,,
0.000250372597424572,1.22712243965263e-05,0.0949372261903977,0.786945390989148,,,7.15629800120828,VZ,,,,,,,,,,,,,,,,,
-0.000258395792400065,8.45913310486431e-05,0.15425938666182,0.543627022134286,,,5.5537415924793,WAB,,,,,,,,,,,,,,,,,
0.000560598897569624,5.70954529562411e-05,0.0370714320390746,0.496556342238633,0.363496905836278,,4.19688040701467,WAT,,,,,,,,,,,,,,,,,
0.000119021261624946,2.02930686149142e-06,0.0222002323806101,0.969954599160343,,,4.01192333846292,WBA,0.937903473510893,-0.975087045433492,,,,,,,,,,,,,,,
-0.0010553932501876,1.31880875516717e-05,5.03680199935442e-08,0.94488612083307,0.0773017729600705,,3.93042881450955,WDC,,,,,,,,,,,,,,,,,
0.000394945762115233,1.22911518473048e-05,0.0379549508729225,0.879792465759154,,0.75461841267677,7.70323923695985,WEC,,,,,,,,,,,,,,,,,
-0.000344971445730008,1.21547356711297e-05,0.0799508906170934,0.86799688488938,,0.727749431905938,6.23933329740365,WELL,,,,,,,,,,,,,,,,,
-0.000219762921100262,1.06040332296705e-05,0.0557407939478894,0.805602055112909,0.189538418495274,,6.69626169747838,WFC,,,,,,,,,,,,,,,,,
0.000652519708687855,0.000142979866150694,0.218325489274318,0.37913393908642,,,4.03966049104056,WHR,,,,,,,,,,,,,,,,,
0.00080281948103467,3.03277463089664e-05,0.111307988619351,0.580509775325501,,,3.83009661887339,WM,,,,,,,,,,,,,,,,,
-0.000634172455979768,2.15219501859594e-05,0.0083172149360181,0.881204381935554,0.218955967778782,,3.97381029163918,WMB,,,,,,,,,,,,,,,,,
-0.000103784722276063,1.52324480676495e-07,0.344299202414554,0.146999959580476,,,3.00992988818792,WMT,,,,,0.145679408715642,,,,,,,0.99950613567456,0.0047012516012163,,,,
0.000401430547554567,1.85129810600839e-05,0.0410874354547767,0.693109025129557,0.237247258012861,,6.89475555042678,WRB,,,,,,,,,,,,,,,,,
0.00139551883132067,4.92134824483271e-05,0.1054417748099,0.647188134398913,,,4.83678318691169,WST,-0.0951820317323368,,,,,,,,,,,,,,,,
0.000195962503216135,7.45902815201529e-05,0.194429821970799,0.506792112203256,,,4.6888619380598,WU,,,,,,,,,,,,,,,,,
-0.000445724424550901,1.31681386004515e-05,0.0140350649504725,0.845254987905849,0.179646694672732,,5.4373900088846,WY,,0.043665833262006,,,,,,,,,,,,,,,
-0.00220262883438806,7.94257647234128e-06,0.029197639448159,0.969648830690141,,,3.08385947499165,WYNN,,,,,,,,,,,,,,,,,
0.000322323500240456,1.03176931394954e-05,0.032286573998988,0.890884315104517,,0.733090712072583,8.78958050694526,XEL,,,,,,,,,,,,,,,,,
0.000697589459260432,4.87266964570846e-08,2.12530812782787e-09,0.998999988280766,,,4.50735476648893,XLNX,,,,,,,,,,,,,,,,,
-3.57496931713809e-05,1.11731784144166e-05,0.161126280082804,0.787326843127017,,,5.03946956464827,XOM,,,,,,,,,,,,,,,,,
0.000365025663221873,0.000104410425463459,0.227313651942919,0.108117051347117,,,10.6818741942981,XRAY,0.90789965409095,-0.931408508425968,,,,-0.027860985296415,,,,,,,,,,,
6.32209781865248e-05,4.83961641310858e-05,0.0741260918758096,0.777391909186808,,,4.21279987430568,XRX,,,,,,,,,,,,,,,,,
0.000650027257045086,2.06399938462895e-05,0.104507172903175,0.766997269104153,,,5.84971426453518,XYL,-0.0184291800665599,,,,,-0.0163727750599008,,,,,,,,,,,
0.000809007985248489,3.87466073665283e-07,0.467222578965453,0.482673437771454,,,2.32507907641406,YUM,,,,,,,,,,,,0.999955441198531,0.0274519114331172,,,,
0.000343000985983763,1.10891223980423e-05,0.0153833834830475,0.921750502172803,,,3.71723231062166,ZBH,,,,,,,,,,,,,,,,,
0.000378295232621506,8.04522992088495e-05,0.128690311331179,0.80317640562521,,0.929598948694999,2.75928824125488,ZBRA,,,,,,,,,,,,,,,,,
0.00105065261516597,2.22211913010855e-05,0.0302998550071222,0.832020684224675,0.158495575797811,,6.19937540243477,ZION,-0.00578008719858422,,,,,-0.065959216536809,0.0367277338248207,,,,,,,,,,
0.00072808424810027,6.37700973163167e-05,0.103290956515507,0.362454428484112,0.440482253905976,,5.43704646659802,ZTS,,-0.136919613629247,,,0.0928373485466345,,,,,,,,,,,,
